word,ipa_original,ipa_clean,ipa_changed,x1,x2,x3,x4,x5,x6,x7_hz,x7_norm,x8,x9_re,x9_norm,x10,x11,x11_ord,x12,L,a,b,rationale,flags,x13_accent,x14_contour,x15_meter,x16_regularity,morph_type
あたふた,ataɸuta,ataɸuta,0,2,8,3,6,7,3,440.0,3.75,7,4500.0,6.47,2,mc,3,#FFD700,86.9,-1.9,87.1,無声破裂音/t/の連続による時間的突発性と、流動的な身体運動(Flow 6)。Reは中程度。,,5,5,5,8,COMPOUND(複合・異種)
あっ,aʔ,aʔ,0,6,9,9,8,2,1,350.0,3.17,9,8000.0,7.44,9,0,4,#FF0000,53.2,80.1,67.2,声門閉鎖音による極端なTime 9とDecay 9。高いBo値（圧縮性）を示す。,,2,5,0,0,Q(促音単発)
あっさり,assaɾi,assaɾi,0,2,7,8,1,8,5,520.0,4.17,6,1200.0,4.22,3,c,2,#F0FFFF,98.9,-4.9,-1.7,摩擦音/s/による流体性と、弾き音/ɾi/による離脱。低いWeight。,,5,5,5,8,COMPOUND(複合・異種)
あっぷあっぷ,appuappu,appuappu,0,5,6,4,7,6,9,220.0,2.0,5,3000.0,5.78,8,mc,3,#4169E1,47.8,26.3,-65.3,両唇破裂音/p/の反復と半母音による粘性。水没・窒息の物理現象を反映。,,4,5,6,1,REDUP(畳語・同一)
あはは,ahaha,ahaha,0,1,5,2,0,9,6,480.0,3.97,2,500.0,2.73,1,h,6,#FFFF00,97.1,-21.6,94.5,摩擦音/h/の連続による自由なFlow。開放的な空間性と高い温度感。,,3,5,0,0,OTHER(単発)
あぶあぶ,abuabu,abuabu,0,4,5,4,6,7,8,180.0,1.49,4,2500.0,5.47,7,mc,3,#ADD8E6,83.8,-10.9,-11.5,有声破裂音/b/による低周波と、気泡特性（Bo 7）の強い流体感。,,4,5,6,1,REDUP(畳語・同一)
あんぐり,aŋɡuɾi,aŋɡuɾi,0,5,4,8,3,4,4,150.0,1.03,6,800.0,3.53,6,0,4,#FFA500,74.9,23.9,78.9,鼻音/ŋ/による軟口蓋の開放と、顎の重力落下。空間的直接性。,,5,5,5,8,COMPOUND(複合・異種)
あんあん,aŋaŋ,aŋaŋ,0,3,3,2,5,8,7,320.0,2.94,2,400.0,2.35,3,hh,7,#FF69B4,65.5,64.2,-10.6,鼻音の共鳴による高いMoistureと持続性。Reは低く層流に近い。,,4,5,6,1,REDUP(畳語・同一)
あーあ,a:a,aːa,0,2,1,1,2,9,4,280.0,2.61,0,200.0,1.18,1,mc,3,#BEBEBE,77.0,-0.0,0.0,長母音によるTime 1の持続。エネルギ散逸に伴う低彩度(Color)。,,2,7,7,1,LONG(長音ー)
あーん,a:n,aːŋ,1,3,2,6,3,7,5,250.0,2.32,1,300.0,1.87,2,h,6,#FFDAB9,89.4,8.1,21.0,口腔開放から鼻腔閉鎖への移行。指向性（Space 6）を持つ。,,3,8,5,1,LONG+N(長音+ん)
いじいじ,idʑiidʑi,idʑiidʑi,0,4,3,2,9,3,5,200.0,1.75,5,600.0,3.04,4,c,2,#4B0082,20.5,51.7,-53.3,歯擦音による抑制(Flow 9)。内向的な運動ベクトルと粘性。,,4,5,6,1,REDUP(畳語・同一)
いそいそ,isoiso,isoiso,0,2,7,7,2,8,2,600.0,4.54,4,3500.0,6.04,2,mh,5,#FFFACD,97.6,-5.4,22.2,摩擦音/s/の軽快な反復。Time 7の突発性と自由なFlow。,,4,5,6,1,REDUP(畳語・同一)
いちゃいちゃ,itɕaitɕa,itɕaitɕa,0,3,4,4,5,6,8,450.0,3.81,4,1500.0,4.6,6,hh,7,#FFC0CB,83.6,24.1,3.3,破擦音/tɕ/による接触感。高いMoistureと親密な温度。,,4,5,6,1,REDUP(畳語・同一)
いひひ,içiçi,içiçi,0,2,6,6,7,8,4,750.0,5.1,5,2000.0,5.09,4,mc,3,#ADFF2F,92.0,-52.5,81.9,硬口蓋摩擦音/ç/による高周波。鋭い空間性と抑制された笑い。,,3,5,0,0,OTHER(単発)
いらいら,iɾaiɾa,iɾaiɾa,0,6,7,6,8,5,2,380.0,3.38,3,5000.0,6.65,5,h,6,#FF4500,57.6,67.8,69.0,弾き音の反復による内部圧力の上昇。摩擦(Re)が高い乱流状態。,,4,5,6,1,REDUP(畳語・同一)
うおーっ,uo:ʔ,uoːʔ,0,8,4,9,4,4,5,120.0,0.46,8,12000.0,8.13,9,h,6,#FF0000,53.2,80.1,67.2,低母音から声門閉鎖への強大なWeight。高い圧力変換効率。,,5,5,5,8,COMPOUND(複合・異種)
うおーん,uo:n,uoːŋ,1,7,2,4,2,5,6,110.0,0.24,1,800.0,3.53,3,mh,5,#4682B4,52.5,-4.1,-32.2,重い共鳴と持続。低周波(110Hz)による遠距離到達性。,,5,5,5,8,COMPOUND(複合・異種)
うかうか,ukauka,ukauka,0,1,5,2,1,9,2,400.0,3.51,3,1000.0,3.91,1,0,4,#F5F5F5,96.5,-0.0,0.0,無声破裂音/k/を含むが、非常に軽いWeightと自由なFlow。,,4,5,6,1,REDUP(畳語・同一)
うきうき,ukiuki,ukiuki,0,2,7,6,0,8,3,550.0,4.32,5,2500.0,5.47,2,h,6,#FFFFE0,99.3,-5.1,14.8,上昇運動のSpace。高周波成分による浮揚感。,,4,5,6,1,REDUP(畳語・同一)
うじうじ,udʑiudʑi,udʑiudʑi,0,5,2,1,9,4,7,180.0,1.49,2,400.0,2.35,6,c,2,#556B2F,42.2,-18.8,30.6,有声歯擦音による低周波の抑制。粘性と停滞(Flow 9)。,,4,5,6,1,REDUP(畳語・同一)
うじゃうじゃ,udʑaudʑa,udʑaudʑa,0,6,3,3,7,5,8,220.0,2.0,3,1800.0,4.91,8,mc,3,#8B4513,37.5,26.4,41.0,過密状態を示す高いMoistureと、複雑な干渉波(Re)。,,4,5,6,1,REDUP(畳語・同一)
うずうず,uzuzu,uzuuzu,1,5,6,7,9,3,4,250.0,2.32,4,3000.0,5.78,7,h,6,#DAA520,70.8,8.5,68.8,内部振動。強い抑制(Flow 9)と発散へのポテンシャル。,,4,5,6,1,REDUP(畳語・同一)
うっ,uʔ,uʔ,0,7,9,9,9,1,1,300.0,2.78,9,10000.0,7.82,9,0,4,#000000,0.0,0.0,0.0,瞬時の停止。最大値のDecayと気圧圧縮(Bo 9)。,,2,5,0,0,Q(促音単発)
うっかり,ukkaɾi,ukkaɾi,0,3,8,5,6,4,2,480.0,3.97,7,3500.0,6.04,5,0,4,#FFFFFF,100.0,-0.0,0.0,促音/kk/による急停止と、弾き音による忘却的散逸。,,5,5,5,8,COMPOUND(複合・異種)
うっすら,ussuɾa,ussuɾa,0,2,3,2,4,8,3,420.0,3.63,3,900.0,3.73,2,c,2,#E6E6FA,91.8,3.7,-9.7,摩擦音/s/の層流。低いWeightと彩度。透明度が高い。,,5,5,5,8,COMPOUND(複合・異種)
うっとり,uttoɾi,uttoɾi,0,3,2,4,0,6,6,350.0,3.17,4,800.0,3.53,4,hh,7,#DDA0DD,73.4,32.5,-22.0,持続的なFlow 0と高いMoisture。心地よい共鳴状態。,,5,5,5,8,COMPOUND(複合・異種)
うつらうつら,utsuɾautsuɾa,utsuɾautsuɾa,0,2,2,2,5,7,5,280.0,2.61,4,600.0,3.04,3,mc,3,#B0C4DE,78.5,-1.3,-15.2,周期的な低エネルギ運動。層流に近いRe数。,,4,5,6,1,REDUP(畳語・同一)
うとうと,utouto,utouto,0,2,2,1,6,6,4,250.0,2.32,5,400.0,2.35,2,mc,3,#778899,55.9,-2.2,-11.1,さらに低いSpace直接性と、閉鎖的なFlow。,,4,5,6,1,REDUP(畳語・同一)
うねうね,unene,uneune,1,4,3,1,4,8,7,200.0,1.75,1,700.0,3.31,5,mc,3,#556B2F,42.2,-18.8,30.6,鼻音/n/による持続的な曲線運動。低Re数の粘性流。,,4,5,6,1,REDUP(畳語・同一)
うはうは,uçuçu,uhauha,1,3,6,5,0,9,5,450.0,3.81,3,2200.0,5.25,3,hh,7,#FFD700,86.9,-1.9,87.1,開放的なFlowと喜びの熱量(hh)。散逸的な流体。,,4,5,6,1,REDUP(畳語・同一)
うふふ,uɸuɸu,uɸuɸu,0,2,4,3,7,8,6,380.0,3.38,4,1200.0,4.22,4,mh,5,#FFF0F5,96.1,5.9,-0.6,唇の微細な摩擦による抑制。湿り気のある音響。,,3,5,0,0,OTHER(単発)
うようよ,ujoujo,ujoujo,0,5,3,2,6,6,8,180.0,1.49,2,1500.0,4.6,8,mc,3,#6B8E23,54.7,-28.2,49.7,半母音/j/の連続による不定形な運動。高Moisture。,,4,5,6,1,REDUP(畳語・同一)
うらうら,uɾauɾa,uɾauɾa,0,1,2,1,2,8,4,320.0,2.94,1,500.0,2.73,1,hh,7,#FFFACD,97.6,-5.4,22.2,弾き音の極めて軽いWeight。春の陽光のような温度感。,,4,5,6,1,REDUP(畳語・同一)
うろうろ,uɾouɾo,uɾouɾo,0,4,4,2,4,7,4,280.0,2.61,3,900.0,3.73,4,0,4,#A9A9A9,69.2,-0.0,0.0,目的のない（Space 2）徘徊運動。中庸の流体力学特性。,,4,5,6,1,REDUP(畳語・同一)
うろちょろ,uɾotɕoɾo,uɾotɕoɾo,0,3,7,6,5,6,3,480.0,3.97,5,2800.0,5.66,5,mc,3,#9ACD32,76.5,-38.0,66.6,破擦音/tɕ/による細かい方向転換（Time 7）。,,5,5,5,8,COMPOUND(複合・異種)
うわーん,uwa:n,uwaːŋ,1,7,4,6,3,5,8,400.0,3.51,1,1500.0,4.6,5,h,6,#1E90FF,59.4,10.0,-63.4,鼻音の共鳴と大振幅。感情の流出に伴う高Moisture。,,5,5,5,8,COMPOUND(複合・異種)
うん,un,uŋ,1,4,5,7,6,3,5,150.0,1.03,5,400.0,2.35,6,mc,3,#808080,53.6,-0.0,0.0,閉鎖鼻音による確証。短いDurationと内部気圧。,,3,6,0,0,N(撥音単発)
うんうん,unun,uŋuŋ,1,3,4,4,5,4,6,160.0,1.19,4,300.0,1.87,5,mh,5,#A52A2A,37.5,49.7,30.5,肯定のリズム。低周波の反復による安定感。,,4,5,6,1,REDUP(畳語・同一)
うんざり,unzaɾi,uŋzaɾi,1,7,3,4,8,4,6,220.0,2.0,6,800.0,3.53,7,c,2,#483D8B,30.8,26.1,-42.1,重いWeightと濁音の摩擦。精神的な飽和状態。,,5,5,5,8,COMPOUND(複合・異種)
うーん,u:n,uːŋ,1,5,1,2,7,3,6,140.0,0.85,0,200.0,1.18,8,mc,3,#696969,44.4,-0.0,0.0,思考の停滞。極めて低いTime値と高い粘性。,,3,8,5,1,LONG+N(長音+ん)
えごえご,eɡoeɡo,eɡoeɡo,0,6,4,3,6,5,7,180.0,1.49,4,1100.0,4.07,6,c,2,#4B0082,20.5,51.7,-53.3,有声破裂音/ɡ/による不快な粘性と重さ。,,4,5,6,1,REDUP(畳語・同一)
えっさえっさ,essaessa,essaessa,0,5,8,8,3,6,4,400.0,3.51,6,5000.0,6.65,4,h,6,#FF8C00,69.5,36.8,75.5,労働のTime 8（突発）。摩擦音による熱産生。,,4,5,6,1,REDUP(畳語・同一)
えっさっさ,essassa,essassa,0,4,9,9,4,5,3,450.0,3.81,8,6000.0,6.95,5,h,6,#FF4500,57.6,67.8,69.0,促音の連続による高い時間的・空間的密度。,,2,5,0,0,Q(促音単発)
えっちらおっちら,etɕiɾaotɕiɾa,ettɕiɾaottɕiɾa,1,6,5,3,5,5,5,300.0,2.78,4,900.0,3.73,6,mh,5,#CD853F,61.8,21.4,47.9,重い荷を運ぶWeightと、不規則なリズムの弾き音。,,2,5,0,0,Q(促音単発)
えへへ,ehehe,ehehe,0,2,5,3,4,9,5,420.0,3.63,3,1200.0,4.22,2,h,6,#F0E68C,90.3,-9.0,45.0,照れを伴う流体笑い。中程度の温度感。,,3,5,0,0,OTHER(単発)
えへん,ehen,eheŋ,1,5,6,7,7,4,4,200.0,1.75,6,1800.0,4.91,7,mc,3,#8B0000,28.1,51.0,41.3,咳払いによる喉の閉鎖。誇示的なSpace 7（直接）。,,3,6,0,0,N(撥音単発)
おいおい,oioi,oioi,0,4,4,4,3,6,7,280.0,2.61,4,700.0,3.31,4,mc,3,#4682B4,52.5,-4.1,-32.2,呼びかけと流涙の両義性。高いMoisture。,,4,5,6,1,REDUP(畳語・同一)
おずおず,ozuozu,ozuozu,0,4,3,1,9,3,5,200.0,1.75,5,400.0,2.35,5,c,2,#708090,52.8,-2.1,-10.6,濁音の抑制(Flow 9)。自信のなさを表す低いSpace。,,4,5,6,1,REDUP(畳語・同一)
おたおた,otaota,otaota,0,4,7,3,6,6,3,380.0,3.38,6,1500.0,4.6,4,mc,3,#BDB76B,73.4,-8.8,39.3,狼狽による突発的な運動。あたふたに近い。,,4,5,6,1,REDUP(畳語・同一)
おちおち,otɕiotɕi,otɕiotɕi,0,3,4,4,7,6,6,400.0,3.51,5,1200.0,4.22,5,mc,3,#708090,52.8,-2.1,-10.6,破擦音による断続。落ち着きのなさをFlow 7で表現。,,4,5,6,1,REDUP(畳語・同一)
おっとり,ottoɾi,ottoɾi,0,2,1,2,0,7,6,300.0,2.78,4,600.0,3.04,3,mh,5,#FFB6C1,81.1,28.0,5.0,低いTimeとSpace。自由なFlow（0）による余裕。,,5,5,5,8,COMPOUND(複合・異種)
おどおど,odoodo,odoodo,0,6,4,2,9,4,5,180.0,1.49,5,400.0,2.35,6,c,2,#556B2F,42.2,-18.8,30.6,重い不安(Weight 6)と、強い抑制(Flow 9)。,,4,5,6,1,REDUP(畳語・同一)
おほほ,ohoho,ohoho,0,3,5,8,4,9,4,350.0,3.17,3,1500.0,4.6,3,h,6,#EE82EE,69.7,56.4,-36.8,上品な指向性(Space 8)。完全な流体(Hardness 9)。,,3,5,0,0,OTHER(単発)
おぼおぼ,oboobo,oboobo,0,6,3,2,6,5,8,160.0,1.19,4,800.0,3.53,7,mc,3,#4169E1,47.8,26.3,-65.3,意識の混濁。高いMoistureと低い周波数。,,4,5,6,1,REDUP(畳語・同一)
おめおめ,omeome,omeome,0,5,2,2,5,4,7,240.0,2.22,2,300.0,1.87,5,mc,3,#800000,25.5,48.0,38.1,恥辱に伴う重さと、鼻音による内向的な響き。,,4,5,6,1,REDUP(畳語・同一)
おろおろ,oɾooɾo,oɾooɾo,0,5,6,3,5,7,5,260.0,2.42,4,1000.0,3.91,4,c,2,#A9A9A9,69.2,-0.0,0.0,混乱による反復運動。中程度のRe数。,,4,5,6,1,REDUP(畳語・同一)
かあかあ,ka:ka:,kaakaa,1,5,4,7,2,6,2,650.0,4.74,3,4500.0,6.47,4,h,6,#000000,0.0,0.0,0.0,カラスの鳴音。硬い喉の摩擦と高い空間直接性。,,4,5,6,1,REDUP(畳語・同一)
かさかさ,kasakasa,kasakasa,0,1,7,4,3,8,0,1200.0,6.29,6,9000.0,7.64,2,0,4,#D2B48C,75.0,5.0,24.4,極端な乾燥(Moisture 0)。高周波摩擦音による乱流。,,4,5,6,1,REDUP(畳語・同一)
かさこそ,kasakoso,kasakoso,0,1,6,3,4,8,1,900.0,5.56,5,6000.0,6.95,3,mc,3,#8B4513,37.5,26.4,41.0,乾燥した小物体との接触。Reは高い。,,5,5,5,8,COMPOUND(複合・異種)
かすかす,kasukasu,kasukasu,0,1,3,2,5,9,0,1500.0,6.86,4,10000.0,7.82,1,c,2,#F5F5F5,96.5,-0.0,0.0,密度不足。完全な乾燥と空気質の流体。,,4,5,6,1,REDUP(畳語・同一)
かたかた,katakata,katakata,0,3,8,7,7,1,2,500.0,4.07,7,7000.0,7.22,8,c,2,#808080,53.6,-0.0,0.0,剛体(Hardness 1)の衝突。高い時間的突発性。,,4,5,6,1,REDUP(畳語・同一)
かたり,kataɾi,kataɾi,0,4,7,8,5,2,3,450.0,3.81,6,5000.0,6.65,7,mc,3,#A0522D,43.8,29.3,35.6,単発の剛体接触。弾き音による余韻。,,4,6,0,0,RI(り単発)
かたん,kataŋ,kataŋ,0,5,8,9,6,2,4,300.0,2.78,7,3000.0,5.78,9,mc,3,#2F4F4F,31.3,-11.7,-3.7,重量物の設置。直接的なSpace 9と高いBo数。,,3,6,0,0,N(撥音単発)
かちかち,katɕikatɕi,katɕikatɕi,0,4,8,8,8,0,1,1800.0,7.32,8,12000.0,8.13,9,c,2,#C0C0C0,77.7,-0.0,0.0,最高の剛体感。高周波かつ急峻な減衰。,,4,5,6,1,REDUP(畳語・同一)
かちっ,katɕiʔ,katɕiʔ,0,4,9,9,9,0,1,2000.0,7.58,9,15000.0,8.51,9,0,4,#FFFFFF,100.0,-0.0,0.0,スイッチの切り替え。限界値の突発性と剛性。,,2,5,0,0,Q(促音単発)
かちゃかちゃ,katɕakatɕa,katɕakatɕa,0,3,8,6,5,1,2,2500.0,8.15,7,13000.0,8.27,7,c,2,#D3D3D3,84.6,-0.0,0.0,小さな剛体の多重衝突。高いRe数（乱流）。,,4,5,6,1,REDUP(畳語・同一)
かちん,katɕiŋ,katɕiŋ,0,6,8,9,9,0,2,1600.0,7.02,8,9000.0,7.64,9,c,2,#4682B4,52.5,-4.1,-32.2,怒りや硬質な衝突。強い抑制と圧縮性(Bo)。,,3,6,0,0,N(撥音単発)
かちんかちん,katɕiŋkatɕiŋ,katɕiŋkatɕiŋ,0,7,8,8,9,0,1,1500.0,6.86,8,8000.0,7.44,9,cc,1,#E0FFFF,97.9,-9.9,-3.4,凍結した硬さ。最小のMoistureと最大のHardness。,,4,5,6,1,REDUP(畳語・同一)
かっ,kaʔ,kaʔ,0,7,9,9,8,3,1,800.0,5.26,9,18000.0,8.82,9,hh,7,#FF0000,53.2,80.1,67.2,瞬間的な発火。高い温度感と気圧(Bo 9)。,,2,5,0,0,Q(促音単発)
かっきり,kakkiri,kakkiɾi,1,4,8,9,7,2,2,700.0,4.93,8,6000.0,6.95,8,0,4,#000000,0.0,0.0,0.0,境界の明確さ。Space 9の直接性と剛性。,,5,5,5,8,COMPOUND(複合・異種)
かっちり,kattɕiɾi,kattɕiɾi,0,5,8,9,8,1,3,650.0,4.74,7,5000.0,6.65,9,0,4,#708090,52.8,-2.1,-10.6,適合の精度。高い抑制(Flow 8)と剛体感。,,5,5,5,8,COMPOUND(複合・異種)
かっちんかっちん,kattɕiŋkattɕiŋ,kattɕiŋkattɕiŋ,0,8,8,8,9,0,1,1400.0,6.68,8,7000.0,7.22,9,cc,1,#AFEEEE,90.1,-19.6,-6.4,時計の針や凍結。極めて高いWeightとHardness。,,4,5,6,1,REDUP(畳語・同一)
かつかつ,katsukatsu,katsukatsu,0,5,7,7,6,2,1,600.0,4.54,7,4000.0,6.27,7,mc,3,#696969,44.4,-0.0,0.0,靴音や余裕のなさ。硬い接触と時間的切迫。,,4,5,6,1,REDUP(畳語・同一)
からから,kaɾakaɾa,kaɾakaɾa,0,3,6,4,3,7,0,550.0,4.32,5,3500.0,6.04,3,0,4,#F4A460,74.0,23.0,46.8,空洞感。Moisture 0と流体運動。,,4,5,6,1,REDUP(畳語・同一)
からころ,kaɾakoɾo,kaɾakoɾo,0,4,6,5,4,4,1,400.0,3.51,5,3000.0,5.78,4,mc,3,#8B4513,37.5,26.4,41.0,下駄などの木製剛体。適度なHardness。,,5,5,5,8,COMPOUND(複合・異種)
からっと,kaɾatto,kaɾatto,0,2,8,7,4,8,0,700.0,4.93,8,8000.0,7.44,6,h,6,#87CEEB,79.2,-14.8,-21.3,湿気の除去。高い時間突発性と完全乾燥。,,5,5,5,8,COMPOUND(複合・異種)
からり,kaɾaɾi,kaɾaɾi,0,2,5,5,2,9,1,600.0,4.54,5,2500.0,5.47,4,h,6,#FFFFFF,100.0,-0.0,0.0,開放的な空間。低いWeightと高い流体性。,,4,6,0,0,RI(り単発)
からんからん,kaɾaŋkaɾaŋ,kaɾaŋkaɾaŋ,0,4,5,6,3,3,2,450.0,3.81,4,2800.0,5.66,6,mc,3,#B8860B,59.2,9.9,62.7,ベルのような硬質な響きと余韻。,,4,5,6,1,REDUP(畳語・同一)
かりかり,kaɾikaɾi,kaɾikaɾi,0,3,8,6,7,2,0,1500.0,6.86,8,11000.0,7.98,5,c,2,#CD853F,61.8,21.4,47.9,小さな破壊。高周波と乾燥(Moisture 0)。,,4,5,6,1,REDUP(畳語・同一)
かんかん,kaŋkaŋ,kaŋkaŋ,0,6,7,9,6,1,2,900.0,5.56,5,6500.0,7.09,8,hhh,8,#FF4500,57.6,67.8,69.0,高温の太陽や金属打撃。Space 9の直接性。,,4,5,6,1,REDUP(畳語・同一)
かーかー,ka:ka:,kaːkaː,0,5,4,6,2,6,2,600.0,4.54,1,4000.0,6.27,3,h,6,#000000,0.0,0.0,0.0,持続する鳥の声。中程度の流体性とWeight。,,4,5,6,1,REDUP(畳語・同一)
かーん,ka:n,kaːŋ,1,4,3,9,2,2,3,1200.0,6.29,2,5000.0,6.65,9,h,6,#FFD700,86.9,-1.9,87.1,高い空間貫通力。金属的なHardnessと持続。,,3,8,5,1,LONG+N(長音+ん)
かーんかーん,ka:ŋka:ŋ,kaːŋkaːŋ,0,5,4,9,3,2,3,1100.0,6.07,2,5500.0,6.81,9,h,6,#DAA520,70.8,8.5,68.8,鐘の音。より強いWeightと直接性。,,4,5,6,1,REDUP(畳語・同一)
がくがく,ɡakuɡaku,ɡakuɡaku,0,7,7,4,8,3,4,180.0,1.49,7,4500.0,6.47,6,c,2,#A9A9A9,69.2,-0.0,0.0,有声破裂音/ɡ/による重い振動。関節の不連続性。,,4,5,6,1,REDUP(畳語・同一)
がくん,ɡakuŋ,ɡakuŋ,0,8,9,8,9,3,3,140.0,0.85,9,7000.0,7.22,8,mc,3,#000000,0.0,0.0,0.0,急激な落差。最大のWeightと時間突発性。,,3,6,0,0,N(撥音単発)
がさがさ,ɡasaɡasa,ɡasaɡasa,0,5,7,4,4,6,0,400.0,3.51,6,8000.0,7.44,5,0,4,#8B4513,37.5,26.4,41.0,荒い摩擦。濁音によるWeightの増加と乾燥。,,4,5,6,1,REDUP(畳語・同一)
がさっ,ɡasaʔ,ɡasaʔ,0,6,9,8,8,5,1,450.0,3.81,9,10000.0,7.82,8,0,4,#556B2F,42.2,-18.8,30.6,藪の中の突発的な動き。高いBo数（圧縮）。,,2,5,0,0,Q(促音単発)
がしっ,ɡatɕiʔ,ɡaɕiʔ,1,8,9,9,9,2,2,500.0,4.07,9,12000.0,8.13,9,mc,3,#4682B4,52.5,-4.1,-32.2,強固な把握。高いWeightと剛体感、遮断。,,2,5,0,0,Q(促音単発)
がしゃがしゃ,ɡatɕaɡatɕa,ɡaɕaɡaɕa,1,6,8,5,6,3,2,1200.0,6.29,7,14000.0,8.39,8,c,2,#708090,52.8,-2.1,-10.6,金属や硬い破片の乱雑な衝突。高Re数。,,4,5,6,1,REDUP(畳語・同一)
がしゃっ,ɡatɕaʔ,ɡaɕaʔ,1,7,9,8,9,2,2,1000.0,5.83,9,16000.0,8.62,9,c,2,#778899,55.9,-2.2,-11.1,破壊を伴う瞬間的衝突。最大値に近い時間性。,,2,5,0,0,Q(促音単発)
がたがた,ɡataɡata,ɡataɡata,0,7,8,6,7,2,3,220.0,2.0,7,5000.0,6.65,7,c,2,#696969,44.4,-0.0,0.0,重い構造物の振動。低い周波数と剛体接触。,,4,5,6,1,REDUP(畳語・同一)
がたっと,ɡatatto,ɡatatto,0,8,9,8,8,2,3,200.0,1.75,9,8000.0,7.44,8,mc,3,#000000,0.0,0.0,0.0,衝撃を伴う停止。高い重量感と圧力。,,5,5,5,8,COMPOUND(複合・異種)
がたぴし,ɡatapiɕi,ɡatapiɕi,0,5,6,5,7,4,2,600.0,4.54,6,6000.0,6.95,6,mc,3,#8B4513,37.5,26.4,41.0,建具の歪み。摩擦音/ɕi/による高周波の混在。,,5,5,5,8,COMPOUND(複合・異種)
がたり,ɡataɾi,ɡataɾi,0,6,7,7,6,3,4,250.0,2.32,6,4000.0,6.27,6,mc,3,#556B2F,42.2,-18.8,30.6,単発の重い衝突。余韻を伴う流体への移行。,,4,6,0,0,RI(り単発)
がたん,ɡataŋ,ɡataŋ,0,8,8,9,8,2,5,180.0,1.49,7,3500.0,6.04,9,mc,3,#2F4F4F,31.3,-11.7,-3.7,重量物の落下。強い空間直接性と気圧。,,3,6,0,0,N(撥音単発)
がちがち,ɡatɕiɡatɕi,ɡatɕiɡatɕi,0,8,8,9,9,0,1,1200.0,6.29,9,10000.0,7.82,9,cc,1,#B0E0E6,86.1,-14.1,-8.0,最大の硬直。震えを伴う低周波と高い抑制。,,4,5,6,1,REDUP(畳語・同一)
がちゃがちゃ,ɡatɕaɡatɕa,ɡatɕaɡatɕa,0,5,8,6,6,2,3,1400.0,6.68,7,12000.0,8.13,7,mc,3,#708090,52.8,-2.1,-10.6,鍵などの金属音。複雑なRe数を示す。,,4,5,6,1,REDUP(畳語・同一)
がちゃん,ɡatɕaŋ,ɡatɕaŋ,0,7,9,9,8,1,4,800.0,5.26,8,9000.0,7.64,9,mc,3,#4682B4,52.5,-4.1,-32.2,結合または破壊。高いBo数と空間指向性。,,3,6,0,0,N(撥音単発)
がっ,ɡaʔ,ɡaʔ,0,9,9,9,9,4,2,350.0,3.17,9,15000.0,8.51,9,mc,3,#000000,0.0,0.0,0.0,全次元で最大級の衝撃。絶対的な停止。,,2,5,0,0,Q(促音単発)
がっかり,ɡakkaɾi,ɡakkaɾi,0,7,6,4,5,6,4,300.0,2.78,7,1200.0,4.22,5,c,2,#4B0082,20.5,51.7,-53.3,期待の崩壊。重いWeightと落胆のDecay。,,5,5,5,8,COMPOUND(複合・異種)
がっくり,ɡukkuɾi,ɡakkuɾi,1,8,7,3,6,5,4,200.0,1.75,8,1000.0,3.91,6,c,2,#000000,0.0,0.0,0.0,急激な屈曲。さらに重いWeight。,,5,5,5,8,COMPOUND(複合・異種)
がっしり,ɡatɕɕiɾi,ɡaɕɕiɾi,1,8,5,9,9,2,3,400.0,3.51,5,3000.0,5.78,9,mc,3,#708090,52.8,-2.1,-10.6,堅牢な構造。高い直接性とFlowの抑制。,,5,5,5,8,COMPOUND(複合・異種)
がっちり,ɡattɕiɾi,ɡattɕiɾi,0,7,6,9,9,1,3,500.0,4.07,6,4000.0,6.27,9,mc,3,#4682B4,52.5,-4.1,-32.2,緻密な噛み合わせ。高いHardnessを保持。,,5,5,5,8,COMPOUND(複合・異種)
がっぷり,ɡappuɾi,ɡappuɾi,0,9,6,8,7,4,7,220.0,2.0,5,2000.0,5.09,8,mh,5,#A52A2A,37.5,49.7,30.5,四つ相撲のような深い接触。最大のWeight。,,5,5,5,8,COMPOUND(複合・異種)
がっぽり,ɡappoɾi,ɡappoɾi,0,6,5,7,3,7,8,250.0,2.32,4,1500.0,4.6,7,mh,5,#FFD700,86.9,-1.9,87.1,大量の収益。豊かな流体性とMoisture。,,5,5,5,8,COMPOUND(複合・異種)
がつがつ,ɡatsuɡatsu,ɡatsuɡatsu,0,7,8,8,7,3,3,400.0,3.51,7,6000.0,6.95,7,h,6,#B22222,39.1,55.9,37.6,貪欲な食欲。高い時間性と直接的なSpace。,,4,5,6,1,REDUP(畳語・同一)
がつん,ɡatsuŋ,ɡatsuŋ,0,9,9,9,9,2,4,300.0,2.78,9,11000.0,7.98,9,h,6,#8B0000,28.1,51.0,41.3,衝撃。最大のWeightとBo数（圧縮）。,,3,6,0,0,N(撥音単発)
がばがば,ɡabaɡaba,ɡabaɡaba,0,5,4,3,2,8,9,150.0,1.03,3,2000.0,5.09,9,mc,3,#4169E1,47.8,26.3,-65.3,隙間からの浸水。高い流体性とMoisture。,,4,5,6,1,REDUP(畳語・同一)
がばっ,ɡabaʔ,ɡabaʔ,0,7,9,8,4,6,6,350.0,3.17,9,9000.0,7.64,8,mh,5,#FF8C00,69.5,36.8,75.5,突然の動作。高いWeightと時間的突発。,,2,5,0,0,Q(促音単発)
がぶがぶ,ɡabuɡabu,ɡabuɡabu,0,6,5,4,4,8,9,180.0,1.49,4,1800.0,4.91,9,mc,3,#0000FF,32.3,79.2,-107.9,飲料の大量摂取。流体力学的な渦を反映。,,4,5,6,1,REDUP(畳語・同一)
がぶっ,ɡabuʔ,ɡabuʔ,0,7,9,9,8,5,8,280.0,2.61,9,8000.0,7.44,9,mh,5,#FF4500,57.6,67.8,69.0,噛み付き。高いBo数と直接性。,,2,5,0,0,Q(促音単発)
がぶり,ɡabuɾi,ɡabuɾi,0,6,6,7,5,6,7,250.0,2.32,6,4000.0,6.27,8,mh,5,#8B4513,37.5,26.4,41.0,深い一口。流体と剛体の中間的性質。,,4,6,0,0,RI(り単発)
がぼがぼ,ɡaboɡabo,ɡaboɡabo,0,6,4,2,3,9,9,120.0,0.46,2,1200.0,4.22,9,c,2,#191970,15.9,31.7,-49.6,大量の水。低周波共鳴と最大Moisture。,,4,5,6,1,REDUP(畳語・同一)
がみがみ,ɡamiɡami,ɡamiɡami,0,7,7,8,8,4,5,450.0,3.81,4,3000.0,5.78,6,h,6,#FF0000,53.2,80.1,67.2,執拗な叱責。高いWeightと抑制されたFlow。,,4,5,6,1,REDUP(畳語・同一)
がやがや,ɡajaɡaja,ɡajaɡaja,0,4,6,3,2,8,6,380.0,3.38,3,5500.0,6.81,7,mh,5,#DAA520,70.8,8.5,68.8,多人数の喧騒。高いRe数による乱流状態。,,4,5,6,1,REDUP(畳語・同一)
がらがら,ɡaɾaɡaɾa,ɡaɾaɡaɾa,0,6,5,4,2,7,2,320.0,2.94,4,4500.0,6.47,5,mc,3,#8B4513,37.5,26.4,41.0,崩落や空虚。低い粘性と中程度のWeight。,,4,5,6,1,REDUP(畳語・同一)
がらり,ɡaɾaɾi,ɡaɾaɾi,0,4,7,7,3,9,2,450.0,3.81,6,3000.0,5.78,4,h,6,#FFFFFF,100.0,-0.0,0.0,劇的な変化。高い流体性と空間開放性。,,4,6,0,0,RI(り単発)
がらん,ɡaɾaŋ,ɡaɾaŋ,0,3,4,8,2,7,3,280.0,2.61,5,1500.0,4.6,4,c,2,#D3D3D3,84.6,-0.0,0.0,広い空洞. 低いWeightと高い指向性。,,3,6,0,0,N(撥音単発)
がりがり,ɡaɾiɡaɾi,ɡaɾiɡaɾi,0,5,8,7,8,2,0,800.0,5.26,8,9000.0,7.64,6,c,2,#CD853F,61.8,21.4,47.9,激しい摩擦。硬い表面の削り（Hardness 2）。,,4,5,6,1,REDUP(畳語・同一)
がんがん,ɡaŋɡaŋ,ɡaŋɡaŋ,0,8,8,9,6,1,3,350.0,3.17,5,8000.0,7.44,9,h,6,#FF4500,57.6,67.8,69.0,頭痛や強打。最大のWeightと直接性。,,4,5,6,1,REDUP(畳語・同一)
がーがー,ɡa:ɡa:,ɡaːɡaː,0,7,3,5,3,6,4,220.0,2.0,1,2500.0,5.47,6,mh,5,#556B2F,42.2,-18.8,30.6,騒々しい持続音。高いWeightと低いDecay。,,4,5,6,1,REDUP(畳語・同一)
がーっ,ɡa:ʔ,ɡaːʔ,0,8,6,9,7,5,4,350.0,3.17,9,12000.0,8.13,9,h,6,#FF0000,53.2,80.1,67.2,激しい突進や咆哮。高い圧縮性と圧力。,,2,7,7,1,LONG(長音ー)
がーん,ɡa:ŋ,ɡaːŋ,0,9,4,9,5,3,5,200.0,1.75,2,6000.0,6.95,9,c,2,#483D8B,30.8,26.1,-42.1,衝撃の余韻。最大のWeightと空間直接性。,,3,8,5,1,LONG+N(長音+ん)
きいきい,ki:ki:,kiikii,1,2,4,7,8,4,1,2500.0,8.15,2,15000.0,8.51,4,c,2,#FFFF00,97.1,-21.6,94.5,高周波摩擦。高い空間直接性と抑制(Flow 8)。,,4,5,6,1,REDUP(畳語・同一)
きしきし,kiɕikiɕi,kiɕikiɕi,0,3,7,5,9,3,2,1800.0,7.32,7,11000.0,7.98,5,c,2,#BDB76B,73.4,-8.8,39.3,狭い隙間の摩擦。最大のFlow抑制。,,4,5,6,1,REDUP(畳語・同一)
きそきそ,kisokiso,kisokiso,0,1,5,2,8,6,2,1200.0,6.29,4,7000.0,7.22,3,c,2,#708090,52.8,-2.1,-10.6,ひそやかな摩擦。低いWeightと高い抑制。,,4,5,6,1,REDUP(畳語・同一)
きちきち,kitɕikitɕi,kitɕikitɕi,0,4,7,8,9,2,2,1400.0,6.68,8,9000.0,7.64,8,c,2,#C0C0C0,77.7,-0.0,0.0,隙間のない状態。高い直接性とFlow 9。,,4,5,6,1,REDUP(畳語・同一)
きちっ,kitɕiʔ,kitɕiʔ,0,3,9,9,9,1,2,1600.0,7.02,9,13000.0,8.27,9,0,4,#FFFFFF,100.0,-0.0,0.0,正確な完了。最大の時間性と直接性。,,2,5,0,0,Q(促音単発)
きちん,kitɕiŋ,kitɕiŋ,0,3,8,9,9,2,3,1200.0,6.29,8,6000.0,6.95,9,0,4,#F5F5F5,96.5,-0.0,0.0,整頓された状態。高いBo数と抑制。,,3,6,0,0,N(撥音単発)
きっちり,kittɕiɾi,kittɕiɾi,0,4,8,9,9,1,2,1300.0,6.49,7,5000.0,6.65,9,0,4,#708090,52.8,-2.1,-10.6,精密な適合。強い直接性と剛体感。,,5,5,5,8,COMPOUND(複合・異種)
きなきな,kinakina,kinakina,0,2,3,2,4,8,6,350.0,3.17,2,800.0,3.53,4,mh,5,#F5DEB3,89.4,1.5,24.0,柔らかい運動。高い流体性とMoisture。,,4,5,6,1,REDUP(畳語・同一)
きびきび,kibikibi,kibikibi,0,3,8,8,4,5,4,600.0,4.54,7,4000.0,6.27,6,mh,5,#FFFFFF,100.0,-0.0,0.0,効率的な運動。高い時間性とSpace直接性。,,4,5,6,1,REDUP(畳語・同一)
きゃっきゃっ,kjakkaʔ,kjakkjaʔ,1,2,9,6,0,8,3,2200.0,7.82,9,18000.0,8.82,6,h,6,#FF69B4,65.5,64.2,-10.6,歓声。高周波と最大の時間的突発性。,,4,5,6,1,REDUP(畳語・同一)
きゃんきゃん,kjaŋkjaŋ,kjaŋkjaŋ,0,3,7,7,4,7,4,1800.0,7.32,5,12000.0,8.13,7,h,6,#FFD700,86.9,-1.9,87.1,高い透徹力。鋭い空間直接性。,,4,5,6,1,REDUP(畳語・同一)
きゃーきゃー,kja:kja:,kjaːkjaː,0,2,5,5,1,8,5,2000.0,7.58,2,14000.0,8.39,5,h,6,#FFB6C1,81.1,28.0,5.0,持続的な高音。高い流体性と自由なFlow。,,4,5,6,1,REDUP(畳語・同一)
きゅうきゅう,kju:kju:,kjuukjuu,1,5,4,7,9,3,3,1500.0,6.86,5,9000.0,7.64,8,c,2,#FFFFE0,99.3,-5.1,14.8,圧迫。高い抑制(Flow 9)と空間直接性。,,4,5,6,1,REDUP(畳語・同一)
きゅっ,kjuʔ,kjuʔ,0,4,9,9,9,2,2,1800.0,7.32,9,16000.0,8.62,9,c,2,#FFFFFF,100.0,-0.0,0.0,瞬間的な締め付け。高いBo数とDecay。,,2,5,0,0,Q(促音単発)
きょとん,kjotoŋ,kjotoŋ,0,2,7,4,6,8,4,450.0,3.81,7,1500.0,4.6,5,0,4,#FFFFFF,100.0,-0.0,0.0,呆然。低いWeightと時間的空白。,,3,6,0,0,N(撥音単発)
きょろきょろ,kjoɾokjoɾo,kjoɾokjoɾo,0,2,7,6,4,9,3,500.0,4.07,5,3000.0,5.78,4,0,4,#ADFF2F,92.0,-52.5,81.9,視線の急速移動。高い流体性と空間性。,,4,5,6,1,REDUP(畳語・同一)
きらきら,kiɾakiɾa,kiɾakiɾa,0,1,6,5,0,9,1,1200.0,6.29,4,10000.0,7.82,2,h,6,#FFD700,86.9,-1.9,87.1,光の反射。低いWeightと最大の流体性。,,4,5,6,1,REDUP(畳語・同一)
きらっ,kiɾaʔ,kiɾaʔ,0,1,9,9,1,9,1,1500.0,6.86,9,18000.0,8.82,9,h,6,#FFFFFF,100.0,-0.0,0.0,瞬光。最大の時間性と直接性。,,2,5,0,0,Q(促音単発)
きらり,kiɾaɾi,kiɾaɾi,0,1,7,8,2,9,2,1300.0,6.49,6,12000.0,8.13,7,h,6,#FFFACD,97.6,-5.4,22.2,指向性のある輝き。流体的な余韻。,,4,6,0,0,RI(り単発)
きりきり,kiɾikiɾi,kiɾikiɾi,0,5,8,8,9,2,1,1600.0,7.02,8,14000.0,8.39,8,c,2,#FF4500,57.6,67.8,69.0,鋭い痛みや巻き上げ。最高の抑制と剛体感。,,4,5,6,1,REDUP(畳語・同一)
きんきらきん,kiŋkiɾakiŋ,kiŋkiɾakiŋ,0,4,6,9,2,2,2,1400.0,6.68,4,11000.0,7.98,9,h,6,#FFD700,86.9,-1.9,87.1,過剰な輝き。高い空間直接性とHardness。,,3,6,0,0,N(撥音単発)
きー,ki:,kiː,0,2,1,8,9,4,1,2800.0,8.44,0,16000.0,8.62,4,c,2,#FFFF00,97.1,-21.6,94.5,高周波持続音。高い抑制と空間指向性。,,2,7,7,1,LONG(長音ー)
きーん,ki:ŋ,kiːŋ,0,3,2,9,7,3,2,3000.0,8.61,1,18000.0,8.82,9,c,2,#F0FFFF,98.9,-4.9,-1.7,金属的な共鳴。遠達性の高いSpace 9。,,3,8,5,1,LONG+N(長音+ん)
ぎいぎい,ɡiiɡii,ɡiiɡii,0,6,4,6,9,3,2,800.0,5.26,2,9000.0,7.64,6,c,2,#556B2F,42.2,-18.8,30.6,重い摩擦音。有声音によるWeightの増加。,,4,5,6,1,REDUP(畳語・同一)
ぎくぎく,ɡikuɡiku,ɡikuɡiku,0,7,7,4,9,4,3,350.0,3.17,7,5000.0,6.65,7,c,2,#696969,44.4,-0.0,0.0,不自然な運動。高い抑制と重いWeight。,,4,5,6,1,REDUP(畳語・同一)
ぎくしゃく,ɡikuɕaku,ɡikuɕaku,0,6,7,5,8,5,2,600.0,4.54,7,7000.0,7.22,6,c,2,#708090,52.8,-2.1,-10.6,摩擦(Re)の高い不連続運動。,,5,5,5,8,COMPOUND(複合・異種)
ぎくっ,ɡikuʔ,ɡikuʔ,0,7,9,8,9,4,2,400.0,3.51,9,11000.0,7.98,8,c,2,#000000,0.0,0.0,0.0,驚愕による停止。高い圧縮性とWeight。,,2,5,0,0,Q(促音単発)
ぎこぎこ,ɡikoɡiko,ɡikoɡiko,0,6,6,6,8,3,1,500.0,4.07,6,7500.0,7.33,6,mc,3,#8B4513,37.5,26.4,41.0,鋸などの重い往復摩擦。Hardness 3。,,4,5,6,1,REDUP(畳語・同一)
ぎざぎざ,ɡizaɡiza,ɡizaɡiza,0,5,5,7,8,4,2,900.0,5.56,5,9000.0,7.64,7,c,2,#778899,55.9,-2.2,-11.1,鋭利な形状。高い空間直接性と抑制。,,4,5,6,1,REDUP(畳語・同一)
ぎしぎし,ɡiɕiɡiɕi,ɡiɕiɡiɕi,0,6,7,6,9,3,2,1000.0,5.83,7,10000.0,7.82,7,c,2,#556B2F,42.2,-18.8,30.6,荷重のかかった摩擦。最大のFlow抑制。,,4,5,6,1,REDUP(畳語・同一)
ぎすぎす,ɡisuɡisu,ɡisuɡisu,0,5,4,5,9,6,1,1200.0,6.29,5,8000.0,7.44,5,c,2,#808080,53.6,-0.0,0.0,潤滑不足。低いMoistureと高い抑制。,,4,5,6,1,REDUP(畳語・同一)
ぎちぎち,ɡitɕiɡitɕi,ɡitɕiɡitɕi,0,7,8,8,9,2,2,1100.0,6.07,8,11000.0,7.98,9,c,2,#2F4F4F,31.3,-11.7,-3.7,高密度の充填。強い重量感と剛性。,,4,5,6,1,REDUP(畳語・同一)
ぎとぎと,ɡitoɡito,ɡitoɡito,0,6,3,2,7,5,9,180.0,1.49,2,1200.0,4.22,9,mh,5,#4B3621,24.5,6.4,16.8,油脂の粘性。最大級のMoistureと低いRe数。,,4,5,6,1,REDUP(畳語・同一)
ぎゃふん,ɡjaɸuŋ,ɡjaɸuŋ,0,6,8,9,8,4,5,300.0,2.78,8,4000.0,6.27,9,mc,3,#000000,0.0,0.0,0.0,完膚なきまでの論破。高いBo数と直接性。,,3,6,0,0,N(撥音単発)
ぎゃーぎゃー,ɡja:ɡja:),ɡjaːɡjaː,0,7,5,6,2,6,5,1200.0,6.29,2,9000.0,7.64,7,h,6,#FF4500,57.6,67.8,69.0,騒々しい有声摩擦。高いWeightと流体性。,,4,5,6,1,REDUP(畳語・同一)
ぎゅうぎゅう,ɡju:ɡju:,ɡjuuɡjuu,1,8,4,8,9,3,3,400.0,3.51,4,4000.0,6.27,9,mc,3,#8B0000,28.1,51.0,41.3,強力な圧縮。最大のWeightと抑制。,,4,5,6,1,REDUP(畳語・同一)
ぎゅっ,ɡjuʔ,ɡjuʔ,0,7,9,9,9,3,2,500.0,4.07,9,12000.0,8.13,9,mc,3,#000000,0.0,0.0,0.0,瞬時の凝縮。高いBo数と空間指向性。,,2,5,0,0,Q(促音単発)
ぎょっ,ɡjoʔ,ɡjoʔ,0,8,9,8,9,4,4,300.0,2.78,9,10000.0,7.82,8,c,2,#FF0000,53.2,80.1,67.2,強い衝撃的驚き。高い時間性と重量。,,2,5,0,0,Q(促音単発)
ぎょろぎょろ,ɡjoɾoɡjoɾo,ɡjoɾoɡjoɾo,0,5,6,7,4,7,7,250.0,2.32,5,2500.0,5.47,6,mc,3,#006400,36.2,-43.4,41.9,目玉の運動。高いMoistureと空間直接性。,,4,5,6,1,REDUP(畳語・同一)
ぎらぎら,ɡiɾaɡiɾa,ɡiɾaɡiɾa,0,6,5,7,1,7,3,1100.0,6.07,3,9000.0,7.64,7,hhh,8,#FFD700,86.9,-1.9,87.1,強烈な反射。高いWeightと熱量。,,4,5,6,1,REDUP(畳語・同一)
ぎりぎり,ɡiɾiɡiɾi,ɡiɾiɡiɾi,0,7,7,8,9,3,1,950.0,5.7,7,11000.0,7.98,8,c,2,#FF0000,53.2,80.1,67.2,限界の摩擦。高い抑制と空間直接性。,,4,5,6,1,REDUP(畳語・同一)
ぎー,ɡi:,ɡiː,0,6,2,7,9,3,2,700.0,4.93,0,8000.0,7.44,7,c,2,#556B2F,42.2,-18.8,30.6,重い持続摩擦。有声音によるWeight。,,2,7,7,1,LONG(長音ー)
くうくう,kuu kuu,kuukuu,0,2,2,1,3,9,6,280.0,2.61,2,400.0,2.35,2,mh,5,#F5F5DC,95.9,-4.2,12.0,鳩や寝息。極めて低いWeightと高い流体性。,,4,5,6,1,REDUP(畳語・同一)
くさくさ,kusakusa,kusakusa,0,4,3,2,7,8,2,800.0,5.26,4,3000.0,5.78,4,c,2,#556B2F,42.2,-18.8,30.6,鬱屈。低いSpaceと抑制されたFlow。,,4,5,6,1,REDUP(畳語・同一)
くしゃくしゃ,kuɕakuɕa,kuɕakuɕa,0,3,7,5,4,6,3,1500.0,6.86,6,9000.0,7.64,6,mc,3,#D2B48C,75.0,5.0,24.4,形状の崩壊。高いRe数（乱流）を示す。,,4,5,6,1,REDUP(畳語・同一)
くすくす,kusukusu,kusukusu,0,1,5,2,6,9,3,1100.0,6.07,5,4000.0,6.27,3,mh,5,#FFFACD,97.6,-5.4,22.2,忍び笑い。最小のWeightと抑制。,,4,5,6,1,REDUP(畳語・同一)
くたくた,kutakuta,kutakuta,0,6,3,1,4,8,7,220.0,2.0,3,800.0,3.53,4,mh,5,#D3D3D3,84.6,-0.0,0.0,疲労。高い流体性とMoisture（汗）。,,4,5,6,1,REDUP(畳語・同一)
くだくだ,kuda kuda,kudakuda,0,5,2,2,6,6,7,180.0,1.49,2,600.0,3.04,5,mc,3,#808080,53.6,-0.0,0.0,冗長な話。低いTimeと高い粘性。,,4,5,6,1,REDUP(畳語・同一)
くちゃくちゃ,kutɕakutɕa,kutɕakutɕa,0,4,6,4,5,7,9,450.0,3.81,5,1500.0,4.6,9,mc,3,#8B4513,37.5,26.4,41.0,咀嚼や粘着。最大のMoisture(9)とRe数。,,4,5,6,1,REDUP(畳語・同一)
くっきり,kukkiɾi,kukkiɾi,0,3,8,9,7,4,1,650.0,4.74,8,7000.0,7.22,8,0,4,#000000,0.0,0.0,0.0,輪郭の明瞭。高い直接性と低いMoisture。,,5,5,5,8,COMPOUND(複合・異種)
くっくっ,kukkuʔ,kukkuʔ,0,2,9,5,8,5,4,500.0,4.07,9,6000.0,6.95,6,mh,5,#FFFFFF,100.0,-0.0,0.0,漏れ出る笑い。高い時間性と抑制。,,4,5,6,1,REDUP(畳語・同一)
くどくど,kudo kudo,kudokudo,0,6,2,3,7,5,8,160.0,1.19,2,500.0,2.73,7,mc,3,#4B0082,20.5,51.7,-53.3,重い執拗さ。鼻音的共鳴と高い粘性。,,4,5,6,1,REDUP(畳語・同一)
くにゃくにゃ,kuɲakuɲa,kuɲakuɲa,0,2,3,1,3,9,8,250.0,2.32,2,1200.0,4.22,5,mh,5,#FFDAB9,89.4,8.1,21.0,軟体。高い流体性と低いHardness。,,4,5,6,1,REDUP(畳語・同一)
くねくね,kunekune,kunekune,0,3,3,2,3,9,7,280.0,2.61,1,900.0,3.73,5,mc,3,#ADFF2F,92.0,-52.5,81.9,曲線運動。Re数の低い層流的運動。,,4,5,6,1,REDUP(畳語・同一)
くやくや,kujakuja,kujakuja,0,3,4,2,5,8,6,300.0,2.78,3,1100.0,4.07,5,mc,3,#708090,52.8,-2.1,-10.6,悩み。中程度の流体性と抑制。,,4,5,6,1,REDUP(畳語・同一)
くよくよ,kujokujo,kujokujo,0,4,2,1,7,7,6,250.0,2.32,2,800.0,3.53,6,c,2,#4682B4,52.5,-4.1,-32.2,停滞する思考。低いSpaceと高い抑制。,,4,5,6,1,REDUP(畳語・同一)
くらくら,kuɾakuɾa,kuɾakuɾa,0,4,5,2,2,9,5,350.0,3.17,4,2500.0,5.47,4,mc,3,#FFFFFF,100.0,-0.0,0.0,目眩。高い流体性と不定形なSpace。,,4,5,6,1,REDUP(畳語・同一)
くりくり,kuɾikuɾi,kuɾikuɾi,0,2,7,7,3,7,4,600.0,4.54,5,3500.0,6.04,5,mc,3,#F5DEB3,89.4,1.5,24.0,円形運動。高い時間性と流体性。,,4,5,6,1,REDUP(畳語・同一)
くるくる,kuɾukuɾu,kuɾukuɾu,0,2,6,4,1,9,3,480.0,3.97,4,4000.0,6.27,3,mc,3,#87CEEB,79.2,-14.8,-21.3,軽快な回転。高い流体性と自由なFlow。,,4,5,6,1,REDUP(畳語・同一)
くるっ,kuɾuʔ,kuɾuʔ,0,2,9,8,5,7,2,550.0,4.32,9,12000.0,8.13,8,0,4,#FFFFFF,100.0,-0.0,0.0,瞬時の反転。高いBo数と直接性。,,2,5,0,0,Q(促音単発)
くるり,kuɾuɾi,kuɾuɾi,0,2,6,6,2,9,3,500.0,4.07,5,3500.0,6.04,4,mc,3,#F0F8FF,97.2,-1.3,-4.3,円滑な旋回。余韻のある流体。,,4,6,0,0,RI(り単発)
くんくん,kuŋkuŋ,kuŋkuŋ,0,3,5,8,6,5,5,300.0,2.78,4,1000.0,3.91,6,mh,5,#D2B48C,75.0,5.0,24.4,嗅覚的探索。高い空間直接性と鼻腔共鳴。,,4,5,6,1,REDUP(畳語・同一)
ぐいぐい,ɡuiɡui,ɡuiɡui,0,7,7,9,4,5,5,350.0,3.17,5,5500.0,6.81,8,h,6,#FF4500,57.6,67.8,69.0,強引な牽引。高いWeightと空間直接性。,,4,5,6,1,REDUP(畳語・同一)
ぐうぐう,ɡuu ɡuu,ɡuuɡuu,0,6,2,2,2,6,7,150.0,1.03,1,600.0,3.04,7,mh,5,#483D8B,30.8,26.1,-42.1,深い眠り。低い周波数と高いMoisture。,,4,5,6,1,REDUP(畳語・同一)
ぐしゃぐしゃ,ɡuɕaɡuɕa,ɡuɕaɡuɕa,0,6,7,3,4,6,8,400.0,3.51,6,8000.0,7.44,9,mc,3,#8B4513,37.5,26.4,41.0,破壊と湿潤。高いRe数とMoisture。,,4,5,6,1,REDUP(畳語・同一)
ぐずぐず,ɡuzuɡuzu,ɡuzuɡuzu,0,6,2,1,9,4,8,180.0,1.49,3,500.0,2.73,8,c,2,#556B2F,42.2,-18.8,30.6,遅延と粘性。最大のFlow抑制。,,4,5,6,1,REDUP(畳語・同一)
ぐちゃぐちゃ,ɡutɕaɡutɕa,ɡutɕaɡutɕa,0,6,6,3,5,6,9,320.0,2.94,5,2500.0,5.47,9,mc,3,#4B3621,24.5,6.4,16.8,高い不規則性と湿潤。最大Moisture(9)。,,4,5,6,1,REDUP(畳語・同一)
ぐっしょり,ɡuɕɕoɾi,ɡuɕɕoɾi,0,5,4,3,3,7,9,280.0,2.61,6,1200.0,4.22,9,mh,5,#000080,13.0,47.5,-64.7,飽和状態。高いMoistureと中程度のWeight。,,5,5,5,8,COMPOUND(複合・異種)
ぐっすり,ɡussuɾi,ɡussuɾi,0,4,2,2,0,8,5,250.0,2.32,5,800.0,3.53,4,mh,5,#191970,15.9,31.7,-49.6,安定。低いWeightと自由なFlow。,,5,5,5,8,COMPOUND(複合・異種)
ぐったり,ɡuttaɾi,ɡuttaɾi,0,8,3,1,4,7,7,180.0,1.49,7,500.0,2.73,6,c,2,#708090,52.8,-2.1,-10.6,極度の疲弊。最大のWeightと低いSpace。,,5,5,5,8,COMPOUND(複合・異種)
ぐつぐつ,ɡutsuɡutsu,ɡutsuɡutsu,0,6,5,6,7,7,9,220.0,2.0,5,3000.0,5.78,9,hh,7,#FF4500,57.6,67.8,69.0,煮沸。高いBo数（気泡）と熱量。,,4,5,6,1,REDUP(畳語・同一)
ぐにゃぐにゃ,ɡuɲaɡuɲa,ɡuɲaɡuɲa,0,5,4,1,4,8,9,200.0,1.75,3,1100.0,4.07,7,mh,5,#ADFF2F,92.0,-52.5,81.9,不定形。高い流体性と低いHardness。,,4,5,6,1,REDUP(畳語・同一)
ぐにゃり,ɡuɲaɾi,ɡuɲaɾi,0,6,6,4,5,7,8,240.0,2.22,6,1800.0,4.91,7,mc,3,#9ACD32,76.5,-38.0,66.6,塑性変形。単発の強い流体運動。,,4,6,0,0,RI(り単発)
ぐびりぐびり,ɡubiɾiɡubiɾi,ɡubiɾiɡubiɾi,0,6,6,7,5,5,8,260.0,2.42,6,2200.0,5.25,8,mc,3,#4169E1,47.8,26.3,-65.3,喉を通る流体。高いBo数とMoisture。,,4,5,6,1,REDUP(畳語・同一)
ぐらぐら,ɡuɾaɡuɾa,ɡuɾaɡuɾa,0,7,5,3,3,8,4,220.0,2.0,4,3500.0,6.04,6,mc,3,#808080,53.6,-0.0,0.0,不安定な振動。高いWeightと流体性。,,4,5,6,1,REDUP(畳語・同一)
ぐらっ,ɡuɾaʔ,ɡuɾaʔ,0,8,9,7,6,7,3,250.0,2.32,9,10000.0,7.82,8,mc,3,#000000,0.0,0.0,0.0,瞬間的な揺らぎ。高い圧縮性と重量。,,2,5,0,0,Q(促音単発)
ぐりぐり,ɡuɾiɡuɾi,ɡuɾiɡuɾi,0,7,7,8,8,3,4,320.0,2.94,6,5000.0,6.65,8,mc,3,#8B4513,37.5,26.4,41.0,押し付け。高いWeightと空間直接性。,,4,5,6,1,REDUP(畳語・同一)
ぐるぐる,ɡuɾuɡuɾu,ɡuɾuɡuɾu,0,5,5,4,2,9,3,300.0,2.78,4,4500.0,6.47,5,mc,3,#4682B4,52.5,-4.1,-32.2,連続回転。高い流体性と中庸のWeight。,,4,5,6,1,REDUP(畳語・同一)
ぐるっ,ɡuɾuʔ,ɡuɾuʔ,0,6,9,8,6,7,2,400.0,3.51,9,11000.0,7.98,9,mc,3,#FFFFFF,100.0,-0.0,0.0,瞬時の回転。高いBo数と直接性。,,2,5,0,0,Q(促音単発)
ぐるり,ɡuɾuɾi,ɡuɾuɾi,0,5,6,7,3,8,3,380.0,3.38,5,3800.0,6.18,7,mc,3,#708090,52.8,-2.1,-10.6,周回。高い空間性と流体的な余韻。,,4,6,0,0,RI(り単発)
ぐん,ɡuŋ,ɡuŋ,0,8,8,9,6,4,4,280.0,2.61,8,7000.0,7.22,9,mc,3,#000080,13.0,47.5,-64.7,強力な一歩。最大のWeightと直接性。,,3,6,0,0,N(撥音単発)
ぐんぐん,ɡuŋɡuŋ,ɡuŋɡuŋ,0,7,7,9,4,5,5,320.0,2.94,5,6000.0,6.95,9,h,6,#1E90FF,59.4,10.0,-63.4,持続的な推進。高い空間直接性。,,4,5,6,1,REDUP(畳語・同一)
ぐんなり,ɡuŋnaɾi,ɡunnaɾi,1,7,3,2,5,7,8,200.0,1.75,6,800.0,3.53,7,mc,3,#696969,44.4,-0.0,0.0,萎れ。高いMoistureと低いSpace。,,5,5,5,8,COMPOUND(複合・異種)
ぐーすか,ɡuu suka,ɡuːsuka,1,5,2,2,1,7,4,450.0,3.81,2,900.0,3.73,4,mh,5,#FFE4E1,92.7,8.7,4.8,鼾。流体性と乾燥摩擦の混在。,,5,5,5,8,COMPOUND(複合・異種)
けいけい,kei kei,keikei,0,3,6,7,6,6,2,1500.0,6.86,4,11000.0,7.98,6,h,6,#FFFF00,97.1,-21.6,94.5,高い鋭利さ。空間直接性と時間性。,,4,5,6,1,REDUP(畳語・同一)
けざけざ,kezakeza,kezakeza,0,4,5,6,7,4,1,900.0,5.56,5,8000.0,7.44,7,c,2,#778899,55.9,-2.2,-11.1,表面の粗さ。高いRe数（乱流）。,,4,5,6,1,REDUP(畳語・同一)
けたけた,ketaketa,ketaketa,0,2,8,6,3,8,3,700.0,4.93,7,5500.0,6.81,5,h,6,#FFD700,86.9,-1.9,87.1,軽薄な笑い。高い時間性と流体性。,,4,5,6,1,REDUP(畳語・同一)
けちょんけちょん,ketɕoŋketɕoŋ,ketɕoŋketɕoŋ,0,5,8,9,7,3,4,550.0,4.32,8,6500.0,7.09,9,c,2,#8B0000,28.1,51.0,41.3,徹底的な批判。高いSpace直接性。,,4,5,6,1,REDUP(畳語・同一)
けばけば,kebakeba,kebakeba,0,4,5,6,4,6,3,800.0,5.26,4,9000.0,7.64,7,h,6,#FF00FF,60.3,98.2,-60.8,過剰な視覚刺激。高いRe数（色彩の乱流）。,,4,5,6,1,REDUP(畳語・同一)
けらけら,keɾakeɾa,keɾakeɾa,0,2,7,4,1,9,2,650.0,4.74,5,4000.0,6.27,4,h,6,#FFFFE0,99.3,-5.1,14.8,高い流体性と自由なFlow。軽快な笑い。,,4,5,6,1,REDUP(畳語・同一)
けろけろ,keɾokeɾo,keɾokeɾo,0,3,6,4,2,8,4,500.0,4.07,4,3000.0,5.78,5,mh,5,#00FF00,87.7,-86.2,83.2,蛙や無頓着。高い流体性と適度なMoisture。,,4,5,6,1,REDUP(畳語・同一)
げたげた,ɡetaɡeta,ɡetaɡeta,0,6,7,5,3,7,4,400.0,3.51,6,4500.0,6.47,6,h,6,#DAA520,70.8,8.5,68.8,下品な笑い。高いWeightと流体性。,,4,5,6,1,REDUP(畳語・同一)
げっそり,ɡessoɾi,ɡessoɾi,0,7,6,4,8,5,2,350.0,3.17,7,2000.0,5.09,5,cc,1,#A9A9A9,69.2,-0.0,0.0,急激な消耗。重いWeightと高い抑制。,,5,5,5,8,COMPOUND(複合・異種)
げらげら,ɡeɾaɡeɾa,ɡeɾaɡeɾa,0,5,6,5,1,9,4,420.0,3.63,3,3500.0,6.04,6,h,6,#FFA500,74.9,23.9,78.9,豪快な笑い。高い流体性と自由なFlow。,,4,5,6,1,REDUP(畳語・同一)
げろげろ,ɡeɾoɡeɾo,ɡeɾoɡeɾo,0,6,4,3,4,8,9,220.0,2.0,3,1800.0,4.91,9,mc,3,#32CD32,72.6,-67.1,61.4,嘔吐。最大級のMoistureと流体性。,,4,5,6,1,REDUP(畳語・同一)
げんなり,ɡennaɾi,ɡennaɾi,0,7,3,2,6,6,7,180.0,1.49,7,600.0,3.04,7,c,2,#483D8B,30.8,26.1,-42.1,嫌悪。高いWeightと鼻音の粘性。,,5,5,5,8,COMPOUND(複合・異種)
げーげー,ɡee ɡee,ɡeːɡeː,1,7,4,4,3,6,8,200.0,1.75,1,1200.0,4.22,8,c,2,#556B2F,42.2,-18.8,30.6,激しい嘔吐音。持続的な流出。,,4,5,6,1,REDUP(畳語・同一)
こけこっこー,kokekokko:,kokekokkoː,0,4,7,8,2,5,2,800.0,5.26,3,8000.0,7.44,7,h,6,#FF0000,53.2,80.1,67.2,鶏の鳴音。高い空間指向性と時間性。,,2,7,7,1,LONG(長音ー)
こそこそ,kosokoso,kosokoso,0,1,5,2,9,7,2,900.0,5.56,5,4000.0,6.27,3,c,2,#2F4F4F,31.3,-11.7,-3.7,隠密。最小のWeightと最大の抑制。,,4,5,6,1,REDUP(畳語・同一)
こちこち,kotɕikotɕi,kotɕikotɕi,0,5,8,8,9,1,1,1200.0,6.29,8,9000.0,7.64,9,cc,1,#B0E0E6,86.1,-14.1,-8.0,硬直や時計。高いHardnessと抑制。,,4,5,6,1,REDUP(畳語・同一)
こっくり,kokkuɾi,kokkuɾi,0,4,7,5,6,6,4,350.0,3.17,8,1500.0,4.6,5,mh,5,#DEB887,77.0,7.0,30.0,居眠りや頷き。中庸のWeightと時間性。,,5,5,5,8,COMPOUND(複合・異種)
こっそり,kossoɾi,kossoɾi,0,2,6,4,9,7,3,800.0,5.26,7,5000.0,6.65,4,c,2,#000000,0.0,0.0,0.0,密かな行動。高いFlow抑制。,,5,5,5,8,COMPOUND(複合・異種)
こってり,kotteɾi,kotteɾi,0,6,3,4,7,4,9,240.0,2.22,6,800.0,3.53,9,mh,5,#DAA520,70.8,8.5,68.8,濃厚な味。高いMoisture(9)と粘性。,,5,5,5,8,COMPOUND(複合・異種)
こつこつ,kotsukotsu,kotsukotsu,0,4,7,7,6,2,2,550.0,4.32,7,5000.0,6.65,7,mc,3,#8B4513,37.5,26.4,41.0,勤勉な打撃。剛体感と安定したリズム。,,4,5,6,1,REDUP(畳語・同一)
こつん,kotsuŋ,kotsuŋ,0,5,9,8,7,2,3,450.0,3.81,9,8000.0,7.44,8,mc,3,#A0522D,43.8,29.3,35.6,軽い衝突。高い時間性とBo数。,,3,6,0,0,N(撥音単発)
ことこと,kotokoto,kotokoto,0,3,6,5,5,3,4,300.0,2.78,6,3000.0,5.78,5,mh,5,#CD853F,61.8,21.4,47.9,煮込みや軽い音。中程度の流体感。,,4,5,6,1,REDUP(畳語・同一)
ことん,kotoŋ,kotoŋ,0,4,8,7,6,3,5,250.0,2.32,8,2500.0,5.47,7,mc,3,#696969,44.4,-0.0,0.0,小物の設置。適度なWeightと時間性。,,3,6,0,0,N(撥音単発)
こりこり,koɾikoɾi,koɾikoɾi,0,3,7,6,7,3,1,1100.0,6.07,7,7000.0,7.22,6,c,2,#F5DEB3,89.4,1.5,24.0,軟骨などの食感。高いHardness。,,4,5,6,1,REDUP(畳語・同一)
ころころ,koɾokoɾo,koɾokoɾo,0,2,6,3,2,8,3,480.0,3.97,4,4000.0,6.27,3,mc,3,#F5F5F5,96.5,-0.0,0.0,小球の回転。高い流体性と低いWeight。,,4,5,6,1,REDUP(畳語・同一)
ころり,koɾoɾi,koɾoɾi,0,2,7,6,4,8,4,450.0,3.81,6,3000.0,5.78,5,mc,3,#FFFFFF,100.0,-0.0,0.0,転倒や心変わり。流体的な時間変化。,,4,6,0,0,RI(り単発)
こんがり,koŋɡaɾi,koŋɡaɾi,0,4,4,6,5,4,2,380.0,3.38,4,1800.0,4.91,7,hh,7,#D2691E,56.0,37.1,56.7,焼き色。高い温度感(hh)と乾燥気味のPhysics。,,5,5,5,8,COMPOUND(複合・異種)
こんこん,koŋkoŋ,koŋkoŋ,0,4,7,7,5,3,4,320.0,2.94,5,4500.0,6.47,8,mc,3,#A9A9A9,69.2,-0.0,0.0,ノックや咳嗽。空間指向性と適度な剛性。,,4,5,6,1,REDUP(畳語・同一)
こんもり,koŋmoɾi,kommoɾi,1,5,2,2,4,6,7,180.0,1.49,3,400.0,2.35,8,mc,3,#228B22,50.6,-49.6,45.0,盛り上がった形状。高いMoistureと低いTime。,,5,5,5,8,COMPOUND(複合・異種)
ごくごく,ɡokuɡoku,ɡokuɡoku,0,6,6,6,5,6,9,200.0,1.75,6,1500.0,4.6,9,mc,3,#4169E1,47.8,26.3,-65.3,勢いよく飲む。高いMoistureとBo数（嚥下圧）。,,4,5,6,1,REDUP(畳語・同一)
ごくん,ɡukuŋ,ɡokuŋ,1,7,9,8,8,5,8,160.0,1.19,9,6000.0,6.95,9,mh,5,#000080,13.0,47.5,-64.7,嚥下の完了。最大の時間性と気圧。,,3,6,0,0,N(撥音単発)
ごしごし,ɡoɕiɡoɕi,ɡoɕiɡoɕi,0,7,7,7,8,4,2,700.0,4.93,6,9000.0,7.64,7,h,6,#708090,52.8,-2.1,-10.6,強い摩擦。高いWeightと空間直接性。,,4,5,6,1,REDUP(畳語・同一)
ごそごそ,ɡosoɡoso,ɡosoɡoso,0,5,5,3,6,6,1,450.0,3.81,5,7500.0,7.33,6,mc,3,#556B2F,42.2,-18.8,30.6,重い物体との摩擦。低いMoisture。,,4,5,6,1,REDUP(畳語・同一)
ごたごた,ɡataɡata,ɡotaɡota,1,6,5,3,5,6,5,280.0,2.61,4,5500.0,6.81,8,mc,3,#808080,53.6,-0.0,0.0,混乱。高いRe数と不規則なFlow。,,4,5,6,1,REDUP(畳語・同一)
ごちごち,ɡotɕiɡotɕi,ɡotɕiɡotɕi,0,8,8,8,9,0,1,1000.0,5.83,8,9500.0,7.74,9,cc,1,#696969,44.4,-0.0,0.0,非常に硬い。最大のHardnessと抑制。,,4,5,6,1,REDUP(畳語・同一)
ごちゃごちゃ,ɡotɕaɡotɕa,ɡotɕaɡotɕa,0,6,6,3,4,5,7,350.0,3.17,4,7000.0,7.22,9,mc,3,#4B3621,24.5,6.4,16.8,乱雑。高いMoistureとRe数。,,4,5,6,1,REDUP(畳語・同一)
ごっそり,ɡossoɾi,ɡossoɾi,0,7,6,5,3,6,5,300.0,2.78,7,2500.0,5.47,8,mc,3,#DAA520,70.8,8.5,68.8,大量の除去。高いWeightと流体性。,,5,5,5,8,COMPOUND(複合・異種)
ごつごつ,ɡotsuɡotsu,ɡotsuɡotsu,0,8,7,7,8,1,1,350.0,3.17,7,6500.0,7.09,9,c,2,#8B4513,37.5,26.4,41.0,粗い表面と硬さ。高いWeightと剛性。,,4,5,6,1,REDUP(畳語・同一)
ごつん,ɡotsuŋ,ɡotsuŋ,0,9,9,9,9,1,3,280.0,2.61,9,11000.0,7.98,9,mc,3,#8B0000,28.1,51.0,41.3,強い衝突。全次元で最大級のPhysics値。,,3,6,0,0,N(撥音単発)
ごてごて,ɡeteɡete,ɡoteɡote,1,6,3,4,6,5,8,240.0,2.22,3,3000.0,5.78,8,mc,3,#800080,29.8,58.9,-36.5,過剰な装飾。高いMoistureとRe数。,,4,5,6,1,REDUP(畳語・同一)
ごとごと,ɡotoɡoto,ɡotoɡoto,0,7,5,5,5,3,4,220.0,2.0,5,4500.0,6.47,7,mc,3,#2F4F4F,31.3,-11.7,-3.7,重い物体の移動。低い周波数とWeight。,,4,5,6,1,REDUP(畳語・同一)
ごとん,ɡotoŋ,ɡotoŋ,0,8,8,9,8,2,5,180.0,1.49,8,5000.0,6.65,9,mc,3,#000000,0.0,0.0,0.0,重量物の落着。高いBo数。,,3,6,0,0,N(撥音単発)
ごにょごにょ,ɡoɲoɡoɲo,ɡoɲoɡoɲo,0,4,3,1,8,7,8,150.0,1.03,4,400.0,2.35,6,mc,3,#708090,52.8,-2.1,-10.6,不明瞭な発声。低いSpaceと高い粘性。,,4,5,6,1,REDUP(畳語・同一)
ごほんごほん,ɡohoŋɡohoŋ,ɡohoŋɡohoŋ,0,6,7,7,7,5,4,250.0,2.32,6,2500.0,5.47,8,h,6,#A52A2A,37.5,49.7,30.5,激しい咳。高い直接性と内部圧力。,,4,5,6,1,REDUP(畳語・同一)
ごりごり,ɡoɾiɡoɾi,ɡoɾiɡoɾi,0,7,8,8,8,2,1,450.0,3.81,7,10000.0,7.82,8,c,2,#556B2F,42.2,-18.8,30.6,硬い摩擦。高いWeightと剛体性。,,4,5,6,1,REDUP(畳語・同一)
ごろごろ,ɡoɾoɡoɾo,ɡoɾoɡoɾo,0,6,4,2,2,8,3,200.0,1.75,3,3500.0,6.04,7,mc,3,#8B4513,37.5,26.4,41.0,雷や重量転がし。高い流体性と低い周波数。,,4,5,6,1,REDUP(畳語・同一)
ごわごわ,ɡowaɡowa,ɡowaɡowa,0,5,4,4,7,4,1,380.0,3.38,4,8500.0,7.55,6,c,2,#D2B48C,75.0,5.0,24.4,粗い手触り。低いMoistureと高い抑制。,,4,5,6,1,REDUP(畳語・同一)
ごんごん,ɡoŋɡoŋ,ɡoŋɡoŋ,0,8,7,9,6,2,4,250.0,2.32,5,5500.0,6.81,9,h,6,#8B0000,28.1,51.0,41.3,激しい衝突音。最大のWeight。,,4,5,6,1,REDUP(畳語・同一)
ごーごー,ɡoo ɡoo,ɡoːɡoː,1,7,2,4,1,8,4,150.0,1.03,0,6000.0,6.95,8,mc,3,#4682B4,52.5,-4.1,-32.2,激しい風雨。高い流体性と持続。,,4,5,6,1,REDUP(畳語・同一)
さくさく,sakusaku,sakusaku,0,2,7,6,2,4,1,1200.0,6.29,6,8000.0,7.44,4,c,2,#F5DEB3,89.4,1.5,24.0,摩擦音/s/と破裂音/k/の反復。低Weightかつ高Time。軽快な切断・咀嚼。,,4,5,6,1,REDUP(畳語・同一)
さくり,sakuɾi,sakuɾi,0,2,6,8,4,5,2,1000.0,5.83,7,6000.0,6.95,6,c,2,#FFF8DC,97.5,-2.2,14.3,弾き音/ɾi/による完了感。Space 8（直接的）な介入と層流への移行。,,4,6,0,0,RI(り単発)
さっさ,sassa,sassa,0,1,8,7,0,8,2,900.0,5.56,8,12000.0,8.13,5,h,6,#FFFFFF,100.0,-0.0,0.0,促音/ss/による極短Time。自由なFlowと高い流体運動性。,,2,5,0,0,Q(促音単発)
さっぱり,sappaɾi,sappaɾi,0,1,8,9,2,9,3,850.0,5.42,7,9000.0,7.64,4,h,6,#E0FFFF,97.9,-9.9,-3.4,両唇音/p/の破裂による空間洗浄。Moistureが低く非常に清涼。,,5,5,5,8,COMPOUND(複合・異種)
さばさば,sabasaba,sabasaba,0,3,5,5,1,8,5,400.0,3.51,3,4000.0,6.27,3,mh,5,#F0F8FF,97.2,-1.3,-4.3,有声音/b/の適度なWeightと流体感。執着のない自由なFlow。,,4,5,6,1,REDUP(畳語・同一)
さめざめ,samezame,samezame,0,4,2,2,6,7,8,280.0,2.61,2,1500.0,4.6,5,c,2,#708090,52.8,-2.1,-10.6,鼻音/m/と濁音によるMoistureの上昇。抑制された持続的悲嘆。,,5,5,5,8,COMPOUND(複合・異種)
さらさら,saɾasaɾa,saɾasaɾa,0,1,3,2,0,9,1,600.0,4.54,4,1200.0,4.22,2,mh,5,#FFFFFF,100.0,-0.0,0.0,低Weightかつ最小Flow抑制。粉体または薄い流体の滑らかな運動。,,4,5,6,1,REDUP(畳語・同一)
さらり,saɾaɾi,saɾaɾi,0,1,5,6,1,9,2,700.0,4.93,5,2000.0,5.09,3,h,6,#F0FFFF,98.9,-4.9,-1.7,弾き音によるSpaceの拡張。残留物のない完全な流体離脱。,,4,6,0,0,RI(り単発)
ざあざあ,za:za:,dzaazaa,1,6,2,4,1,8,9,300.0,2.78,0,15000.0,8.51,7,mc,3,#4682B4,52.5,-4.1,-32.2,濁音によるWeight増加と長音の持続。高Moistureの乱流(Re)。,,4,5,6,1,REDUP(畳語・同一)
ざくざく,zakuzaːku,dzakuzaku,1,6,7,7,4,3,2,350.0,3.17,6,9000.0,7.64,8,c,2,#DAA520,70.8,8.5,68.8,硬い対象への介入。有声摩擦によるWeightとHardnessのバランス。,,4,5,6,1,REDUP(畳語・同一)
ざっくばらん,zakkubaraŋ,dzakkubaɾaŋ,1,5,7,8,0,7,3,450.0,3.81,4,11000.0,7.98,6,h,6,#FF8C00,69.5,36.8,75.5,促音の衝撃から流体への転換。開放的なFlow 0（自由）。,,2,5,0,0,Q(促音単発)
ざぶざぶ,zabuzabu,dzabuzabu,1,7,5,3,2,8,9,150.0,1.03,3,18000.0,8.82,9,mc,3,#0000FF,32.3,79.2,-107.9,大量の液体。濁音のWeightと最大のMoisture、高いBo数。,,4,5,6,1,REDUP(畳語・同一)
ざぶん,zabuŋ,dzabuŋ,1,8,8,9,7,7,9,120.0,0.46,8,20000.0,9.0,9,mc,3,#191970,15.9,31.7,-49.6,液体への突入。最大のWeightと圧縮性(Bo)。,,3,6,0,0,N(撥音単発)
ざらざら,zaɾazaɾa,dzaɾazaɾa,1,5,4,5,7,5,0,400.0,3.51,5,13000.0,8.27,4,c,2,#8B4513,37.5,26.4,41.0,摩擦(Re)の強い表面特性。濁音による不規則性と乾燥。,,4,5,6,1,REDUP(畳語・同一)
ざわざわ,zawazawa,dzawazawa,1,4,5,2,3,8,6,320.0,2.94,3,16000.0,8.62,7,mc,3,#556B2F,42.2,-18.8,30.6,群衆や風の乱流。Spaceが間接的で、不定形な流体運動。,,4,5,6,1,REDUP(畳語・同一)
ざんざん,zaŋzaŋ,dzaŋzaŋ,1,7,4,8,5,6,9,280.0,2.61,4,14000.0,8.39,8,mc,3,#000080,13.0,47.5,-64.7,激しい降雨。鼻音の共鳴による重量感と持続。,,4,5,6,1,REDUP(畳語・同一)
ざんぶり,zaŋbuɾi,dzambuɾi,1,8,6,9,6,6,9,200.0,1.75,7,17000.0,8.72,9,c,2,#0000CD,25.0,67.2,-91.5,液体への全質量投下。弾き音による物理的飛散。,,5,5,5,8,COMPOUND(複合・異種)
しいん,ɕi:ŋ,ɕiiŋ,1,1,1,2,9,9,2,2500.0,8.15,0,100.0,0.0,1,cc,1,#F0F8FF,97.2,-1.3,-4.3,摩擦音/ɕ/の持続。極小Weightと最大抑制。音響的真空。,,3,6,0,0,N(撥音単発)
しくしく,ɕikuɕiku,ɕikuɕiku,0,2,4,2,7,8,7,1200.0,6.29,5,500.0,2.73,6,c,2,#B0C4DE,78.5,-1.3,-15.2,粘性の高い悲嘆。高周波摩擦とMoistureの持続。,,4,5,6,1,REDUP(畳語・同一)
しこしこ,ɕikoɕiko,ɕikoɕiko,0,4,6,7,8,4,4,500.0,4.07,6,3000.0,5.78,7,mc,3,#F5DEB3,89.4,1.5,24.0,内部弾性。破裂音によるSpace 7（直接的）と抑制されたFlow。,,4,5,6,1,REDUP(畳語・同一)
しっかり,ɕikkaɾi,ɕikkaɾi,0,6,8,9,9,2,2,600.0,4.54,8,5000.0,6.65,9,0,4,#708090,52.8,-2.1,-10.6,剛体感。促音の閉鎖による最大Bo数とFlow抑制。,,5,5,5,8,COMPOUND(複合・異種)
しっくり,ɕikkuɾi,ɕikkuɾi,0,3,4,6,8,6,5,450.0,3.81,6,2000.0,5.09,8,mh,5,#808080,53.6,-0.0,0.0,適合。流体性と剛性の中間。高い粘性による密着。,,5,5,5,8,COMPOUND(複合・異種)
しっとり,ɕittoɾi,ɕittoɾi,0,3,2,3,4,8,8,350.0,3.17,4,1200.0,4.22,9,mh,5,#D8BFD8,80.1,13.2,-9.2,高いMoisture。Timeが持続的でFlowが滑らか。,,5,5,5,8,COMPOUND(複合・異種)
しっぽり,ɕippoɾi,ɕippoɾi,0,4,3,4,5,7,9,300.0,2.78,5,1500.0,4.6,9,hh,7,#FF69B4,65.5,64.2,-10.6,飽和したMoistureと高い温度感。親密な流体接触。,,5,5,5,8,COMPOUND(複合・異種)
しとしと,ɕitoɕito,ɕitoɕito,0,2,2,2,3,9,8,400.0,3.51,2,400.0,2.35,7,mc,3,#778899,55.9,-2.2,-11.1,低Weight降雨。層流に近い穏やかな流体運動。,,4,5,6,1,REDUP(畳語・同一)
しゃあしゃあ,ɕa:ɕa:,ɕaaɕaa,1,3,2,5,1,9,4,800.0,5.26,0,5000.0,6.65,3,h,6,#FFFFFF,100.0,-0.0,0.0,摩擦音の持続。恥辱を撥ね退ける自由なFlow。,,4,5,6,1,REDUP(畳語・同一)
しゃきしゃき,ɕakiɕaki,ɕakiɕaki,0,3,7,8,4,3,2,1500.0,6.86,7,8000.0,7.44,6,c,2,#90EE90,86.5,-46.3,36.9,繊維質の破壊。高いHardnessと空間的直接性。,,4,5,6,1,REDUP(畳語・同一)
しゃなりしゃなり,ɕanaɾiɕanaɾi,ɕanaɾiɕanaɾi,0,2,2,4,2,9,5,450.0,3.81,3,1000.0,3.91,3,mh,5,#E6E6FA,91.8,3.7,-9.7,優雅な曲線運動。低いWeightと持続的なFlow。,,4,5,6,1,REDUP(畳語・同一)
しゃん,ɕaŋ,ɕaŋ,0,3,7,9,8,5,2,700.0,4.93,7,3500.0,6.04,8,h,6,#FFFFFF,100.0,-0.0,0.0,背筋の伸び。高いSpace 9と抑制された姿勢。,,3,6,0,0,N(撥音単発)
しゅっぽしゅっぽ,ɕuppoɕuppo,ɕuppoɕuppo,0,6,6,8,5,6,7,250.0,2.32,6,7000.0,7.22,8,h,6,#696969,44.4,-0.0,0.0,蒸気機関の運動。圧力(Bo)変化を伴う周期的な破裂。,,4,5,6,1,REDUP(畳語・同一)
しゅるしゅる,ɕuɾuɕuɾu,ɕuɾuɕuɾu,0,2,5,6,2,9,3,900.0,5.56,4,5000.0,6.65,4,mc,3,#AFEEEE,90.1,-19.6,-6.4,螺旋状の流体運動。摩擦音による高いRe数。,,4,5,6,1,REDUP(畳語・同一)
しゅーしゅー,ɕu:ɕu:,ɕuːɕuː,0,3,2,7,1,9,3,1100.0,6.07,0,8000.0,7.44,5,h,6,#FFFFFF,100.0,-0.0,0.0,気体の噴出。高周波持続音と高い空間指向性。,,4,5,6,1,REDUP(畳語・同一)
しょぼしょぼ,ɕoboɕobo,ɕoboɕobo,0,5,3,1,6,8,7,220.0,2.0,4,600.0,3.04,8,c,2,#708090,52.8,-2.1,-10.6,衰弱。低いSpaceと高いMoisture（涙）。,,4,5,6,1,REDUP(畳語・同一)
しょんぼり,ɕoŋboɾi,ɕomboɾi,1,6,2,2,8,6,6,200.0,1.75,5,400.0,2.35,7,c,2,#483D8B,30.8,26.1,-42.1,精神的重量。鼻音の重なりによる抑制。,,5,5,5,8,COMPOUND(複合・異種)
しわしわ,ɕiwaɕiwa,ɕiwaɕiwa,0,2,3,1,7,7,1,500.0,4.07,3,3000.0,5.78,2,mc,3,#D2B48C,75.0,5.0,24.4,表面の収縮。低いWeightと高いFlow抑制。,,4,5,6,1,REDUP(畳語・同一)
しん,ɕiŋ,ɕiŋ,0,3,7,9,8,5,4,1200.0,6.29,7,100.0,0.0,8,cc,1,#F0F8FF,97.2,-1.3,-4.3,無声摩擦音/ɕ/から鼻音/ŋ/への移行。鋭い指向性。,,3,6,0,0,N(撥音単発)
しんしん,ɕiŋɕiŋ,ɕiŋɕiŋ,0,3,1,3,9,9,4,300.0,2.78,0,200.0,1.18,4,cc,1,#FFFFFF,100.0,-0.0,0.0,深夜の静寂。極小Timeと最大抑制。冷感。,,4,5,6,1,REDUP(畳語・同一)
しんなり,ɕinnaɾi,ɕinnaɾi,0,4,3,2,4,8,8,250.0,2.32,4,900.0,3.73,8,mh,5,#F5F5DC,95.9,-4.2,12.0,柔軟性。高いMoistureと適度な流体変形。,,5,5,5,8,COMPOUND(複合・異種)
しんみり,ɕinmiɾi,ɕimmiɾi,1,5,2,3,7,7,7,220.0,2.0,3,500.0,2.73,6,mh,5,#4B0082,20.5,51.7,-53.3,静かな共鳴。低いTimeと内向的なSpace。,,5,5,5,8,COMPOUND(複合・異種)
しーっ,ɕi:ʔ,ɕiːʔ,0,1,9,9,9,9,1,3000.0,8.61,9,15000.0,8.51,9,c,2,#F0FFFF,98.9,-4.9,-1.7,制止。最大のSpace直接性と時間的遮断。,,2,7,7,1,LONG(長音ー)
じくじく,dʑikudʑiku,dʑikudʑiku,0,6,4,2,8,5,9,180.0,1.49,5,1200.0,4.22,9,mc,3,#556B2F,42.2,-18.8,30.6,膿や粘液。濁音のWeightと最大Moisture。,,4,5,6,1,REDUP(畳語・同一)
じたばた,dʑitabata,dʑitabata,0,6,8,3,5,7,4,350.0,3.17,7,6500.0,7.09,6,h,6,#FF4500,57.6,67.8,69.0,足掻き。高いTime突発性と不規則な流体運動。,,5,5,5,8,COMPOUND(複合・異種)
じっくり,dʑikkuɾi,dʑikkuɾi,0,7,2,6,9,4,6,280.0,2.61,7,1800.0,4.91,8,mh,5,#8B4513,37.5,26.4,41.0,浸透。重いWeightと最大のFlow抑制。,,5,5,5,8,COMPOUND(複合・異種)
じっと,dʑitto,dʑitto,0,6,1,9,9,3,4,300.0,2.78,9,500.0,2.73,9,mc,3,#000000,0.0,0.0,0.0,静止。最大の抑制と空間的注視(Space 9)。,,3,4,0,0,Qto(っと)
じとじと,dʑitodʑito,dʑitodʑito,0,6,2,2,7,7,9,240.0,2.22,3,1000.0,3.91,9,mc,3,#2F4F4F,31.3,-11.7,-3.7,不快な湿気。濁音によるWeightと飽和Moisture。,,4,5,6,1,REDUP(畳語・同一)
じめじめ,dʑimedʑime,dʑimedʑime,0,6,1,1,8,6,9,150.0,1.03,2,800.0,3.53,9,mc,3,#4B3621,24.5,6.4,16.8,停滞した湿気。最小Timeと最大の粘性。,,4,5,6,1,REDUP(畳語・同一)
じゃかじゃか,dʑakadʑaka,dʑakadʑaka,0,5,7,6,2,6,3,400.0,3.51,6,9500.0,7.74,7,h,6,#DAA520,70.8,8.5,68.8,激しい打撃摩擦。高いRe数（乱流）。,,4,5,6,1,REDUP(畳語・同一)
じゃぶじゃぶ,dʑabudʑabu,dʑabudʑabu,0,7,6,5,2,8,9,140.0,0.85,4,19000.0,8.91,9,mc,3,#0000CD,25.0,67.2,-91.5,水中運動。大きなWeightと高いBo数（気泡）。,,4,5,6,1,REDUP(畳語・同一)
じゃらじゃら,dʑaɾadʑaɾa,dʑaɾadʑaɾa,0,4,6,6,3,4,2,800.0,5.26,5,11000.0,7.98,6,mc,3,#FFD700,86.9,-1.9,87.1,金属鎖などの接触。乱流的なRe数とHardness。,,4,5,6,1,REDUP(畳語・同一)
じゃんじゃん,dʑaŋdʑaŋ,dʑandʑaŋ,1,7,7,9,3,5,5,300.0,2.78,4,12000.0,8.13,8,h,6,#FF0000,53.2,80.1,67.2,連続的な増幅。高いWeightと空間指向性。,,4,5,6,1,REDUP(畳語・同一)
じゅー,dʑu:,dʑuː,0,6,2,7,3,9,9,600.0,4.54,0,10000.0,7.82,9,hhh,8,#FF4500,57.6,67.8,69.0,蒸発。最大の温度感(hhh)と流体持続。,,2,7,7,1,LONG(長音ー)
じょきじょき,dʑokidʑoki,dʑokidʑoki,0,6,7,8,8,2,3,500.0,4.07,7,8500.0,7.55,7,mc,3,#708090,52.8,-2.1,-10.6,鋏の切断。高いWeightと空間直接性。,,4,5,6,1,REDUP(畳語・同一)
じりじり,dʑiɾidʑiɾi,dʑiɾidʑiɾi,0,6,6,7,9,4,3,800.0,5.26,5,14000.0,8.39,8,hhh,8,#FF8C00,69.5,36.8,75.5,焦燥と熱。高い抑制と高周波の摩擦。,,4,5,6,1,REDUP(畳語・同一)
じろじろ,dʑiɾodʑiɾo,dʑiɾodʑiɾo,0,5,4,9,7,7,5,350.0,3.17,3,2000.0,5.09,6,c,2,#000000,0.0,0.0,0.0,凝視。最大のSpace 9と高いFlow抑制。,,4,5,6,1,REDUP(畳語・同一)
じろっ,dʑiɾoʔ,dʑiɾoʔ,0,6,9,9,8,6,4,400.0,3.51,9,5000.0,6.65,9,c,2,#000000,0.0,0.0,0.0,瞬間的凝視。最大のTimeと圧縮性(Bo)。,,2,5,0,0,Q(促音単発)
じわじわ,dʑiwadʑiwa,dʑiwadʑiwa,0,5,2,4,8,8,7,200.0,1.75,2,1200.0,4.22,8,mh,5,#800000,25.5,48.0,38.1,浸潤。低いTimeと最大のFlow抑制。,,4,5,6,1,REDUP(畳語・同一)
じんじん,dʑiŋdʑiŋ,dʑindʑiŋ,1,6,6,8,9,4,4,600.0,4.54,4,9000.0,7.64,8,h,6,#FF0000,53.2,80.1,67.2,痺れ。高い内部圧力(Bo)と抑制されたFlow。,,4,5,6,1,REDUP(畳語・同一)
じーじー,dʑi:dʑi:,dʑiːdʑiː,0,5,2,6,9,4,2,1000.0,5.83,0,13000.0,8.27,6,mc,3,#556B2F,42.2,-18.8,30.6,機械的摩擦。高い抑制と中程度のWeight。,,4,5,6,1,REDUP(畳語・同一)
すいすい,suisui,suisui,0,1,4,3,0,9,5,500.0,4.07,3,4000.0,6.27,1,h,6,#E0FFFF,97.9,-9.9,-3.4,滑らかな流体移動。最小Weightと自由なFlow。,,4,5,6,1,REDUP(畳語・同一)
すかすか,sukasuka,sukasuka,0,1,5,2,4,9,0,1400.0,6.68,4,12000.0,8.13,1,c,2,#F5F5F5,96.5,-0.0,0.0,空隙。最大の流体性と最小のMoisture。,,4,5,6,1,REDUP(畳語・同一)
すかっ,sukaʔ,sukaʔ,0,2,9,9,2,9,1,1500.0,6.86,9,18000.0,8.82,9,h,6,#FFFFFF,100.0,-0.0,0.0,爽快な遮断。最大のTimeと清涼感。,,2,5,0,0,Q(促音単発)
すくすく,sukusuːku,sukusuku,1,2,4,8,0,8,5,450.0,3.81,2,2500.0,5.47,4,h,6,#ADFF2F,92.0,-52.5,81.9,垂直成長。高いSpace直接性と自由なFlow。,,4,5,6,1,REDUP(畳語・同一)
すくっ,sukuʔ,sukuʔ,0,3,9,9,8,7,3,500.0,4.07,9,10000.0,7.82,9,h,6,#FFFFFF,100.0,-0.0,0.0,瞬時の起立。最大のSpace 9と時間性。,,2,5,0,0,Q(促音単発)
すたこら,sutakoɾa,sutakoɾa,0,2,7,4,1,8,3,600.0,4.54,5,5000.0,6.65,5,h,6,#FFFFFF,100.0,-0.0,0.0,滑稽な逃走。高い流体性と軽快なTime。,,5,5,5,8,COMPOUND(複合・異種)
すたすた,sutasuta,sutasuta,0,3,6,8,3,7,2,550.0,4.32,6,4500.0,6.47,7,0,4,#708090,52.8,-2.1,-10.6,迷いのない歩行。高いSpace 8と中庸のWeight。,,4,5,6,1,REDUP(畳語・同一)
すっかり,sukkaɾi,sukkaɾi,0,2,8,9,6,9,2,800.0,5.26,8,9000.0,7.64,8,0,4,#FFFFFF,100.0,-0.0,0.0,完全。最大の空間直接性と遮断。,,5,5,5,8,COMPOUND(複合・異種)
すっきり,sukkiri,sukkiɾi,1,2,7,9,4,9,3,1000.0,5.83,7,10000.0,7.82,7,h,6,#00FFFF,91.1,-48.1,-14.1,浄化。高い流体性と時間的完了。,,5,5,5,8,COMPOUND(複合・異種)
すってんころり,sutteŋkoɾoɾi,sutteŋkoɾoɾi,0,4,8,4,2,8,3,400.0,3.51,8,5000.0,6.65,6,mc,3,#FFFFFF,100.0,-0.0,0.0,転倒の連鎖。不規則なTime変化と流体的な終わり。,,6,4,0,1,QRI(促音挿入り)
すってんてん,sutteŋteŋ,suttenteŋ,1,3,7,7,5,9,0,600.0,4.54,6,2000.0,5.09,5,c,2,#BEBEBE,77.0,-0.0,0.0,無一文。最大の乾燥と低い重量。,,2,5,0,0,Q(促音単発)
すっぱり,suppaɾi,suppaɾi,0,4,8,9,7,7,2,700.0,4.93,8,11000.0,7.98,8,c,2,#FFFFFF,100.0,-0.0,0.0,鮮やかな切断。高いSpace直接性と時間性。,,5,5,5,8,COMPOUND(複合・異種)
すっぽんぽん,suppoŋpoŋ,suppompoŋ,1,1,5,4,0,9,5,450.0,3.81,4,1000.0,3.91,3,h,6,#FFDAB9,89.4,8.1,21.0,露出。最小のWeightとFlow抑制。,,2,5,0,0,Q(促音単発)
すてん,suteŋ,suteŋ,0,4,9,6,7,7,3,300.0,2.78,8,4000.0,6.27,8,mc,3,#808080,53.6,-0.0,0.0,転倒の衝撃。高いTime突発性と直接性。,,3,6,0,0,N(撥音単発)
すとん,sutoŋ,sutoŋ,0,5,8,9,8,6,4,250.0,2.32,8,3500.0,6.04,9,mc,3,#696969,44.4,-0.0,0.0,垂直落下。最大の空間直接性と落着。,,3,6,0,0,N(撥音単発)
すぱすぱ,supasupa,supasupa,0,2,7,6,2,8,3,800.0,5.26,6,9000.0,7.64,6,h,6,#FFFFFF,100.0,-0.0,0.0,喫煙や切断。周期的破裂と流体運動。,,4,5,6,1,REDUP(畳語・同一)
すぱっと,supatto,supatto,0,4,9,9,8,6,2,900.0,5.56,9,12000.0,8.13,9,h,6,#FFFFFF,100.0,-0.0,0.0,迅速な切断。最大のTimeと圧縮性(Bo)。,,5,5,5,8,COMPOUND(複合・異種)
すぱり,supaɾi,supaɾi,0,3,7,8,4,8,3,850.0,5.42,7,7000.0,7.22,7,h,6,#FFFFFF,100.0,-0.0,0.0,弾き音による鮮やかな完了感。,,4,6,0,0,RI(り単発)
すべすべ,subesube,subesube,0,1,2,2,0,9,4,400.0,3.51,2,100.0,0.0,1,mh,5,#FFF5EE,97.1,2.2,4.6,平滑な表面。最小のWeightと最大の流体性。,,4,5,6,1,REDUP(畳語・同一)
すぽっ,supoʔ,supoʔ,0,3,9,9,7,8,6,450.0,3.81,9,14000.0,8.39,9,mh,5,#FFFFFF,100.0,-0.0,0.0,抜去。高いBo数（気圧解放）と時間性。,,2,5,0,0,Q(促音単発)
すやすや,sujasuja,sujasuja,0,1,1,1,0,9,6,300.0,2.78,1,300.0,1.87,1,mh,5,#E6E6FA,91.8,3.7,-9.7,安眠。最小エフォート。穏やかな層流。,,4,5,6,1,REDUP(畳語・同一)
すらすら,suɾasuɾa,suɾasuɾa,0,1,5,3,0,9,2,600.0,4.54,4,4000.0,6.27,2,mh,5,#FFFFFF,100.0,-0.0,0.0,滑らかな発話・進行。自由なFlow。,,4,5,6,1,REDUP(畳語・同一)
すらり,suɾaɾi,suɾaɾi,0,1,6,7,2,9,3,650.0,4.74,5,3500.0,6.04,4,h,6,#F0FFFF,98.9,-4.9,-1.7,美しい直線。高いSpace直接性と流体感。,,4,6,0,0,RI(り単発)
するする,suɾusuɾu,suɾusuɾu,0,1,4,4,1,9,4,550.0,4.32,3,2500.0,5.47,3,mc,3,#FFFFFF,100.0,-0.0,0.0,摩擦のない滑り。低いWeightと高い流体性。,,4,5,6,1,REDUP(畳語・同一)
するっと,surutto,suɾutto,1,2,8,8,3,9,4,600.0,4.54,8,7000.0,7.22,7,h,6,#FFFFFF,100.0,-0.0,0.0,瞬時の通過。高い時間性と圧縮。,,5,5,5,8,COMPOUND(複合・異種)
すれすれ,suɾesuɾe,suɾesuɾe,0,4,4,9,9,6,2,700.0,4.93,4,11000.0,7.98,8,c,2,#808080,53.6,-0.0,0.0,限界。最大のSpace直接性とFlow抑制。,,4,5,6,1,REDUP(畳語・同一)
すんなり,sunnaɾi,sunnaɾi,0,2,4,5,2,9,7,300.0,2.78,4,1200.0,4.22,6,mh,5,#F5F5DC,95.9,-4.2,12.0,抵抗のない移行。鼻音による適度なMoisture。,,5,5,5,8,COMPOUND(複合・異種)
ずかずか,zukazuka,dzukazuka,1,7,7,9,0,6,2,350.0,3.17,6,8000.0,7.44,8,h,6,#8B0000,28.1,51.0,41.3,無遠慮な侵入。高いWeightと最大の直接性。,,4,5,6,1,REDUP(畳語・同一)
ずきずき,zukidzuki,dzukizuki,1,7,5,8,9,4,5,450.0,3.81,5,9000.0,7.64,9,h,6,#FF0000,53.2,80.1,67.2,拍動性の痛み。高いWeightと内部圧力(Bo)。,,4,5,6,1,REDUP(畳語・同一)
ずけずけ,zukedzuke,dzukezuke,1,6,7,9,4,6,2,380.0,3.38,7,10000.0,7.82,8,h,6,#FF4500,57.6,67.8,69.0,遠慮のない言動。最大のSpace直接性。,,4,5,6,1,REDUP(畳語・同一)
ずしっ,zuɕiʔ,dzuɕiʔ,1,9,9,9,9,2,4,220.0,2.0,9,16000.0,8.62,9,mc,3,#000000,0.0,0.0,0.0,強大な重量衝撃。最大のWeightと時間性。,,2,5,0,0,Q(促音単発)
ずずん,zuzuŋ,dzuzuŋ,1,9,3,7,7,3,6,100.0,0.0,2,6000.0,6.95,9,c,2,#000000,0.0,0.0,0.0,低周波の地響き。極大のWeightとBo数。,,3,6,0,0,N(撥音単発)
ずたずた,dztadzta,dzutazuta,1,7,8,8,6,4,2,300.0,2.78,7,12000.0,8.13,7,c,2,#8B4513,37.5,26.4,41.0,切り刻む破壊。高いWeightと時間的突発性。,,4,5,6,1,REDUP(畳語・同一)
ずっしり,zuɕɕiɾi,dzuɕɕiɾi,1,9,4,8,9,3,5,200.0,1.75,6,4500.0,6.47,9,mc,3,#2F4F4F,31.3,-11.7,-3.7,安定した重量。最大のWeightと抑制。,,5,5,5,8,COMPOUND(複合・異種)
ずばずば,zubazuba,dzubazuba,1,6,7,9,1,7,4,320.0,2.94,6,11000.0,7.98,8,h,6,#FF0000,53.2,80.1,67.2,明快な言動。高い空間直接性と自由なFlow。,,4,5,6,1,REDUP(畳語・同一)
ずるずる,dzuɾudzuɾu,dzuɾuzuɾu,1,7,2,3,8,6,8,180.0,1.49,2,1500.0,4.6,9,mc,3,#556B2F,42.2,-18.8,30.6,摩擦を伴う粘性移動。高いWeightと抑制。,,4,5,6,1,REDUP(畳語・同一)
ずんぐり,zuŋɡuɾi,dzuŋɡuɾi,1,7,2,4,9,4,7,160.0,1.19,4,900.0,3.73,9,c,2,#4B3621,24.5,6.4,16.8,低重心・肥満。最大のFlow抑制とWeight。,,5,5,5,8,COMPOUND(複合・異種)
ずんずん,zuŋzuŋ,dzuŋzuŋ,1,8,6,9,3,5,5,220.0,2.0,2,8000.0,7.44,9,h,6,#000080,13.0,47.5,-64.7,迷いのない邁進。強大なWeightとSpace 9。,,4,5,6,1,REDUP(畳語・同一)
せかせか,sekaseka,sekaseka,0,4,8,5,8,7,2,800.0,5.26,7,9000.0,7.64,6,h,6,#FF8C00,69.5,36.8,75.5,焦り。高いTime突発性とFlow抑制。,,4,5,6,1,REDUP(畳語・同一)
せっせと,sesseto,sesseto,0,5,7,8,8,6,3,600.0,4.54,7,7000.0,7.22,7,mh,5,#DAA520,70.8,8.5,68.8,勤勉。高い抑制と空間的直接性。,,5,5,5,8,COMPOUND(複合・異種)
せりせり,seɾiseɾi,seɾiseɾi,0,4,5,5,9,5,2,1100.0,6.07,5,12000.0,8.13,7,c,2,#C0C0C0,77.7,-0.0,0.0,氷などの微細な摩擦。高い抑制と高周波。,,4,5,6,1,REDUP(畳語・同一)
そそくさ,sosokusa,sosokusa,0,2,8,3,2,9,1,900.0,5.56,8,7000.0,7.22,4,mh,5,#FFFFFF,100.0,-0.0,0.0,慌ただしい退散。高い時間性と流体性。,,5,5,5,8,COMPOUND(複合・異種)
そっくり,sokkuɾi,sokkuɾi,0,5,7,9,9,3,4,500.0,4.07,8,4000.0,6.27,9,mc,3,#808080,53.6,-0.0,0.0,酷似・全部。最大の空間直接性と抑制。,,5,5,5,8,COMPOUND(複合・異種)
そよそよ,sojosojo,sojosojo,0,1,2,2,0,9,4,350.0,3.17,2,300.0,1.87,1,mh,5,#F0FFF0,98.6,-7.6,5.5,微風。最小のWeightと自由なFlow。,,4,5,6,1,REDUP(畳語・同一)
そろそろ,soɾosoɾo,soɾosoɾo,0,3,3,4,5,9,5,320.0,2.94,3,900.0,3.73,4,mh,5,#F5F5DC,95.9,-4.2,12.0,緩慢な開始。低いTimeと高い流体性。,,4,5,6,1,REDUP(畳語・同一)
そろり,soɾoɾi,soɾoɾi,0,2,4,6,7,9,4,400.0,3.51,5,1500.0,4.6,5,mh,5,#FFFFFF,100.0,-0.0,0.0,慎重な運動。高い抑制と流体的な余韻。,,4,6,0,0,RI(り単発)
そわそわ,sowasowa,sowasowa,0,3,6,2,4,8,5,380.0,3.38,5,4500.0,6.47,5,h,6,#FFFFE0,99.3,-5.1,14.8,不安な揺らぎ。低いSpaceと不定形な流体性。,,4,5,6,1,REDUP(畳語・同一)
ぞくぞく,zokuzoku,dzokuzoku,1,6,7,6,9,5,3,300.0,2.78,7,11000.0,7.98,8,ccc,0,#00FFFF,91.1,-48.1,-14.1,悪寒・興奮。高い抑制と極寒(ccc)。,,4,5,6,1,REDUP(畳語・同一)
ぞっ,zoʔ,dzoʔ,1,7,9,8,9,4,2,280.0,2.61,9,15000.0,8.51,9,ccc,0,#000000,0.0,0.0,0.0,瞬間的恐怖。最大のTimeと極寒(ccc)。,,2,5,0,0,Q(促音単発)
ぞっこん,zokkoŋ,dzokkoŋ,1,6,8,9,9,4,5,350.0,3.17,8,9000.0,7.64,9,hh,7,#FF0000,53.2,80.1,67.2,執着。最大の抑制と空間的直接性。,,5,5,5,8,COMPOUND(複合・異種)
ぞりぞり,dzoɾidzoɾi,dzoɾizoɾi,1,6,6,7,8,4,1,450.0,3.81,6,13000.0,8.27,7,c,2,#556B2F,42.2,-18.8,30.6,剛毛の剃り。濁音によるWeightと乾燥。,,4,5,6,1,REDUP(畳語・同一)
ぞろぞろ,dzoɾodzoɾo,dzoɾozoɾo,1,6,3,3,4,8,7,220.0,2.0,2,3500.0,6.04,8,mc,3,#8B4513,37.5,26.4,41.0,多人数の移動。高い流体性とMoisture。,,4,5,6,1,REDUP(畳語・同一)
たじたじ,tadʑitadʑi,tadʑitadʑi,0,4,7,3,7,7,5,400.0,3.51,7,1500.0,4.6,5,c,2,#BDB76B,73.4,-8.8,39.3,圧倒。低いSpaceと高いFlow抑制。,,4,5,6,1,REDUP(畳語・同一)
たっぷり,tappuɾi,tappuɾi,0,5,4,5,3,8,9,300.0,2.78,6,2500.0,5.47,9,mh,5,#FFD700,86.9,-1.9,87.1,潤沢。最大のMoistureと流体性。,,5,5,5,8,COMPOUND(複合・異種)
たらたら,taɾataɾa,taɾataɾa,0,3,4,2,2,9,9,280.0,2.61,3,1000.0,3.91,9,mh,5,#4169E1,47.8,26.3,-65.3,液体の滴下。高い流体性とMoisture。,,4,5,6,1,REDUP(畳語・同一)
だくだく,dakudaku,dakudaku,0,6,5,4,3,8,9,220.0,2.0,5,2000.0,5.09,9,mh,5,#1E90FF,59.4,10.0,-63.4,激しい流出。有声音によるWeightと水分量。,,4,5,6,1,REDUP(畳語・同一)
だぶだぶ,dabudabu,dabudabu,0,7,3,2,4,9,9,150.0,1.03,2,1200.0,4.22,9,c,2,#191970,15.9,31.7,-49.6,過剰な液体・布。最大の流体性とMoisture。,,4,5,6,1,REDUP(畳語・同一)
だらだら,daɾadaɾa,daɾadaɾa,0,6,2,1,4,9,9,180.0,1.49,1,800.0,3.53,9,mh,5,#556B2F,42.2,-18.8,30.6,停滞的流出。最小の時間性と最大の粘性。,,4,5,6,1,REDUP(畳語・同一)
だーん,da:ŋ,daːŋ,0,9,7,9,6,2,4,150.0,1.03,3,9000.0,7.64,9,h,6,#8B0000,28.1,51.0,41.3,爆発的衝撃。極大のWeightと空間直接性。,,3,8,5,1,LONG+N(長音+ん)
ちかちか,tɕikatɕika,tɕikatɕika,0,2,8,6,5,6,1,2500.0,8.15,8,18000.0,8.82,4,h,6,#FFFF00,97.1,-21.6,94.5,視覚的刺激。高周波(Hz)と高いTime。,,4,5,6,1,REDUP(畳語・同一)
ちくちく,tɕikutɕiku,tɕikutɕiku,0,3,7,8,8,3,1,2000.0,7.58,7,15000.0,8.51,6,c,2,#808080,53.6,-0.0,0.0,針の痛み。高いHardnessと空間直接性。,,4,5,6,1,REDUP(畳語・同一)
ちぐはぐ,tɕiɡuhaɡu,tɕiɡuhaɡu,0,4,6,3,6,6,4,450.0,3.81,6,5000.0,6.65,5,0,4,#778899,55.9,-2.2,-11.1,不一致。中程度の乱流(Re)と不規則なFlow。,,5,5,5,8,COMPOUND(複合・異種)
ちびちび,tɕibitɕibi,tɕibitɕibi,0,2,3,5,9,7,6,600.0,4.54,5,600.0,3.04,4,mc,3,#F5F5DC,95.9,-4.2,12.0,少量。低いWeightと最大の抑制。,,4,5,6,1,REDUP(畳語・同一)
ちまちま,tɕimatɕima,tɕimatɕima,0,3,3,4,8,6,6,500.0,4.07,4,400.0,2.35,5,mc,3,#BDB76B,73.4,-8.8,39.3,小規模。内向的なSpaceと高い抑制。,,4,5,6,1,REDUP(畳語・同一)
ちゃっかり,tɕakkaɾi,tɕakkaɾi,0,3,8,8,6,6,3,1200.0,6.29,8,6000.0,6.95,7,h,6,#FFD700,86.9,-1.9,87.1,抜け目なさ。高い時間性と空間直接性。,,5,5,5,8,COMPOUND(複合・異種)
ちゃらちゃら,tɕaɾatɕaɾa,tɕaɾatɕaɾa,0,3,6,4,1,5,2,2500.0,8.15,5,14000.0,8.39,5,mh,5,#FF69B4,65.5,64.2,-10.6,軽薄。高い流体性と高周波摩擦。,,4,5,6,1,REDUP(畳語・同一)
ちゃらんぽらん,tɕaɾaŋpoɾaŋ,tɕaɾampoɾaŋ,1,2,5,3,0,8,4,600.0,4.54,3,3000.0,5.78,4,h,6,#FFFF00,97.1,-21.6,94.5,無責任。最大の自由Flow 0。,,3,6,0,0,N(撥音単発)
ちゃりん,tɕaɾiŋ,tɕaɾiŋ,0,3,8,9,7,1,2,3000.0,8.61,9,12000.0,8.13,8,c,2,#C0C0C0,77.7,-0.0,0.0,硬貨の音。極めて高いHardnessと時間性。,,3,6,0,0,N(撥音単発)
ちゃん,tɕaŋ,tɕaŋ,0,3,7,8,7,5,4,650.0,4.74,8,3500.0,6.04,7,h,6,#FFFFFF,100.0,-0.0,0.0,完了感。鼻音による共鳴と直接性。,,3,6,0,0,N(撥音単発)
ちやほや,tɕijahoja,tɕijahoja,0,2,3,2,1,9,6,500.0,4.07,2,1000.0,3.91,2,hh,7,#FFC0CB,83.6,24.1,3.3,軟口蓋摩擦音と半母音による低Weight。自由なFlow(1)と高い親密性(hh)。,,5,5,5,8,COMPOUND(複合・異種)
ちゅっ,tɕuʔ,tɕuʔ,0,3,9,9,9,7,5,2000.0,7.58,9,14000.0,8.39,9,hh,7,#FF69B4,65.5,64.2,-10.6,唇の尖鋭化。最大のTime(9)とBoyle Number(9)による気圧圧縮。,,2,5,0,0,Q(促音単発)
ちゅんちゅん,tɕuŋtɕuŋ,tɕuntɕuŋ,1,2,6,7,5,8,4,2500.0,8.15,6,12000.0,8.13,6,h,6,#FFFACD,97.6,-5.4,22.2,高周波(2500Hz)と鼻腔共鳴。高い空間指向性(Space 7)。,,4,5,6,1,REDUP(畳語・同一)
ちゅーちゅー,tɕu:tɕu:,tɕuːtɕuː,0,2,2,5,5,9,7,2800.0,8.44,0,5000.0,6.65,5,mh,5,#FFB6C1,81.1,28.0,5.0,持続的吸引。高い流体性(Hardness 9)と摩擦(Re)。,,4,5,6,1,REDUP(畳語・同一)
ちょいちょい,tɕoitɕoi,tɕoitɕoi,0,2,7,4,4,8,4,1200.0,6.29,6,4000.0,6.27,5,h,6,#FFFFFF,100.0,-0.0,0.0,弾動的なTime(7)。適度な流体運動と高い周波数。,,4,5,6,1,REDUP(畳語・同一)
ちょきちょき,tɕokitɕoki,tɕokitɕoki,0,4,8,8,8,3,2,1500.0,6.86,8,9000.0,7.64,7,mc,3,#708090,52.8,-2.1,-10.6,鋏の切断運動。高いHardness(3)と空間的直接性(Space 8)。,,4,5,6,1,REDUP(畳語・同一)
ちょくちょく,tɕukutɕuku,tɕokutɕoku,1,3,7,6,7,6,4,900.0,5.56,7,6500.0,7.09,6,h,6,#FFFFFF,100.0,-0.0,0.0,断続的反復。抑制(Flow 7)と突発性(Time 7)のバランス。,,4,5,6,1,REDUP(畳語・同一)
ちょこっ,tɕokoʔ,tɕokoʔ,0,2,9,7,9,7,3,1100.0,6.07,9,8000.0,7.44,8,mh,5,#FFFFFF,100.0,-0.0,0.0,最小単位の運動。最大のTime(9)と圧縮遮断(Decay 9)。,,2,5,0,0,Q(促音単発)
ちょっきり,tɕokkiɾi,tɕokkiɾi,0,4,8,9,9,4,1,1300.0,6.49,8,10000.0,7.82,9,0,4,#000000,0.0,0.0,0.0,適合の精度。最大のSpace直接性(9)と抑制。,,5,5,5,8,COMPOUND(複合・異種)
ちょっくら,tɕokkuɾa,tɕokkuɾa,0,3,8,5,4,8,3,800.0,5.26,7,5000.0,6.65,6,h,6,#FFFFFF,100.0,-0.0,0.0,瞬発的な移動。流体的な運動と高い時間性。,,5,5,5,8,COMPOUND(複合・異種)
ちょびちょび,tɕobitɕobi,tɕobitɕobi,0,2,4,4,9,8,6,1400.0,6.68,5,900.0,3.73,5,mc,3,#F5F5DC,95.9,-4.2,12.0,少量の制御。最小のWeightと最大の抑制(Flow 9)。,,4,5,6,1,REDUP(畳語・同一)
ちょびっ,tɕobiʔ,tɕobiʔ,0,3,9,8,9,7,5,1500.0,6.86,9,12000.0,8.13,9,mc,3,#FFFFFF,100.0,-0.0,0.0,局所的遮断。最大のTime(9)とBoyle数。,,2,5,0,0,Q(促音単発)
ちょろちょろ,tɕoɾotɕoɾo,tɕoɾotɕoɾo,0,2,5,2,1,9,9,1000.0,5.83,4,2500.0,5.47,9,mh,5,#E0FFFF,97.9,-9.9,-3.4,小流量の液体。最大Moisture(9)と自由Flow。,,4,5,6,1,REDUP(畳語・同一)
ちょろり,tɕoɾoɾi,tɕoɾoɾi,0,2,6,5,3,9,8,900.0,5.56,6,3000.0,5.78,8,mh,5,#F0F8FF,97.2,-1.3,-4.3,弾き音による少量の離脱。高い流体性と余韻。,,4,6,0,0,RI(り単発)
ちらちら,tɕiɾatɕiɾa,tɕiɾatɕiɾa,0,1,6,2,2,9,2,1800.0,7.32,4,12000.0,8.13,3,c,2,#FFFFFF,100.0,-0.0,0.0,散乱光の物理。低Weightと高Re数（乱流）。,,4,5,6,1,REDUP(畳語・同一)
ちらほら,tɕiɾahoja,tɕiɾahoɾa,1,2,5,1,1,9,4,1200.0,6.29,3,8000.0,7.44,2,c,2,#F5F5F5,96.5,-0.0,0.0,分散状態。最大のSpace間接性と自由Flow。,,5,5,5,8,COMPOUND(複合・異種)
ちんちろりん,tɕintɕiɾoɾiŋ,tɕintɕiɾoɾiŋ,0,2,6,7,5,3,2,3500.0,9.0,5,15000.0,8.51,6,c,2,#C0C0C0,77.7,-0.0,0.0,虫の音。高周波(3500Hz)と金属的Hardness。,,3,6,0,0,N(撥音単発)
ちんまり,tɕinmaɾi,tɕimmaɾi,1,3,2,4,9,6,6,400.0,3.51,3,400.0,2.35,6,mh,5,#BDB76B,73.4,-8.8,39.3,収縮。最小のTime(2)と最大の抑制(Flow 9)。,,5,5,5,8,COMPOUND(複合・異種)
つかつか,tsukatsuka,tsukatsuka,0,5,7,9,3,6,2,500.0,4.07,6,8000.0,7.44,8,h,6,#8B0000,28.1,51.0,41.3,躊躇のない直進。最大Space(9)と強めのWeight。,,4,5,6,1,REDUP(畳語・同一)
つくづく,tsukudzuku,tsukuzuku,1,6,2,4,9,4,7,220.0,2.0,2,1200.0,4.22,9,mc,3,#4B0082,20.5,51.7,-53.3,内省的重圧。重いWeight(6)と最大抑制。,,5,5,5,8,COMPOUND(複合・異種)
つべこべ,tsubekobe,tsubekobe,0,5,6,6,6,6,6,450.0,3.81,5,7000.0,7.22,7,h,6,#DAA520,70.8,8.5,68.8,濁音の連続による反論。中程度の乱流(Re)。,,5,5,5,8,COMPOUND(複合・異種)
つやつや,tsujatsuja,tsujatsuja,0,1,2,2,0,9,6,600.0,4.54,1,100.0,0.0,2,mh,5,#FFB6C1,81.1,28.0,5.0,平滑な反射。最小Weightと最大流体性(9)。,,4,5,6,1,REDUP(畳語・同一)
つるつる,tsuɾutsuɾu,tsuɾutsuɾu,0,1,3,2,0,9,8,450.0,3.81,2,150.0,0.69,4,mh,5,#F0FFFF,98.9,-4.9,-1.7,摩擦の消失。自由なFlowと高いMoisture(8)。,,4,5,6,1,REDUP(畳語・同一)
つん,tsuŋ,tsuŋ,0,4,7,9,8,5,3,900.0,5.56,7,9000.0,7.64,9,c,2,#FFFFFF,100.0,-0.0,0.0,拒絶。最大のSpace直接性(9)と遮断(Decay)。,,3,6,0,0,N(撥音単発)
つんつん,tsuŋtsuŋ,tsuntsuŋ,1,4,6,9,9,3,2,800.0,5.26,4,11000.0,7.98,8,c,2,#FFFFFF,100.0,-0.0,0.0,先鋭的接触。Hardness(3)と抑制(Flow 9)。,,4,5,6,1,REDUP(畳語・同一)
つーかー,tsu:ka:,tsuːkaː,0,3,2,5,2,8,3,500.0,4.07,0,2000.0,5.09,4,h,6,#F5F5F5,96.5,-0.0,0.0,長音による持続。安定した共鳴と流体運動。,,5,5,5,8,COMPOUND(複合・異種)
てかてか,tekateka,tekateka,0,2,4,3,0,9,4,1100.0,6.07,3,5000.0,6.65,3,h,6,#FFD700,86.9,-1.9,87.1,油脂光沢。高い流体性と自由Flow。,,4,5,6,1,REDUP(畳語・同一)
てきぱき,tekipaki,tekipaki,0,4,8,9,5,6,3,1000.0,5.83,8,9000.0,7.64,7,h,6,#FFFFFF,100.0,-0.0,0.0,効率的動作。最大Time(8)と空間直接性(9)。,,5,5,5,8,COMPOUND(複合・異種)
てくてく,tekuteku,tekuteku,0,4,5,7,5,6,3,400.0,3.51,5,4500.0,6.47,6,0,4,#708090,52.8,-2.1,-10.6,持続的歩行。適度なWeightと指向性(Space 7)。,,4,5,6,1,REDUP(畳語・同一)
てっきり,tekkiri,tekkiɾi,1,5,8,9,8,4,2,600.0,4.54,8,8000.0,7.44,9,0,4,#000000,0.0,0.0,0.0,強い確信。高い抑制と空間直接性。,,5,5,5,8,COMPOUND(複合・異種)
てらてら,teɾateɾa,teɾateɾa,0,3,4,2,1,9,7,500.0,4.07,3,4000.0,6.27,5,mh,5,#DAA520,70.8,8.5,68.8,過剰な反射。高い流体性とMoisture(7)。,,4,5,6,1,REDUP(畳語・同一)
でかでか,dekadeka,dekadeka,0,8,4,8,2,5,4,250.0,2.32,3,7000.0,7.22,9,mc,3,#000000,0.0,0.0,0.0,巨視的存在。強大なWeight(8)とSpace(8)。,,4,5,6,1,REDUP(畳語・同一)
でっぷり,deppuɾi,deppuɾi,0,9,2,3,9,4,8,180.0,1.49,5,1500.0,4.6,9,c,2,#4B3621,24.5,6.4,16.8,重量。最大のWeight(9)と抑制(Flow 9)。,,5,5,5,8,COMPOUND(複合・異種)
でぶでぶ,debudebu,debudebu,0,8,3,2,7,5,9,150.0,1.03,3,1200.0,4.22,9,mc,3,#8B4513,37.5,26.4,41.0,緩慢な脂肪質。高いMoistureと重量。,,4,5,6,1,REDUP(畳語・同一)
でれでれ,deɾedeɾe,deɾedeɾe,0,3,1,1,2,9,8,280.0,2.61,1,800.0,3.53,7,hh,7,#FFC0CB,83.6,24.1,3.3,弛緩。最小Time(1)と高温度、高流体性。,,4,5,6,1,REDUP(畳語・同一)
でん,deŋ,deŋ,0,9,2,9,9,2,4,150.0,1.03,7,500.0,2.73,9,mc,3,#000000,0.0,0.0,0.0,不動の質量。最大のWeight、直接性、抑制。,,3,6,0,0,N(撥音単発)
とことこ,tokotoko,tokotoko,0,3,5,6,3,7,3,400.0,3.51,5,3500.0,6.04,5,mh,5,#FFFFFF,100.0,-0.0,0.0,安定した小走。流体性と直接性の中庸。,,4,5,6,1,REDUP(畳語・同一)
とっくり,tokkuɾi,tokkuɾi,0,6,3,5,9,5,7,250.0,2.32,8,2000.0,5.09,8,mh,5,#8B4513,37.5,26.4,41.0,凝縮。高い抑制と適度なMoisture。,,5,5,5,8,COMPOUND(複合・異種)
とっと,totto,totto,0,4,9,8,3,6,2,600.0,4.54,9,11000.0,7.98,8,h,6,#FFFFFF,100.0,-0.0,0.0,駆り立て。最大のTime(9)と空間指向性。,,3,4,0,0,Qto(っと)
とぼとぼ,tobotobo,tobotobo,0,7,2,1,6,6,6,200.0,1.75,3,500.0,2.73,7,c,2,#708090,52.8,-2.1,-10.6,減衰。重いWeight(7)と最小Space(1)。,,4,5,6,1,REDUP(畳語・同一)
とろとろ,とろとろ,toɾotoɾo,1,4,1,1,3,9,9,220.0,2.0,1,600.0,3.04,9,mh,5,#FFFACD,97.6,-5.4,22.2,融解。最大の流体性(9)と水分。,,4,5,6,1,REDUP(畳語・同一)
とんちんかん,tontɕinkaŋ,tontɕiŋkaŋ,1,3,7,3,4,6,2,800.0,5.26,6,12000.0,8.13,4,0,4,#FFFF00,97.1,-21.6,94.5,乖離。高い乱流(Re)と不規則な時間性。,,3,6,0,0,N(撥音単発)
とんとん,tontoŋ,tontoŋ,0,4,7,7,5,4,3,400.0,3.51,6,5500.0,6.81,7,mc,3,#A0522D,43.8,29.3,35.6,リズム。一定のWeightと直接性。,,4,5,6,1,REDUP(畳語・同一)
どかっ,dokaʔ,dokaʔ,0,9,9,9,8,3,3,180.0,1.49,9,18000.0,8.82,9,mc,3,#000000,0.0,0.0,0.0,衝突。最大のWeight(9)と圧縮Boyle数(9)。,,2,5,0,0,Q(促音単発)
どかどか,dokadoka,dokadoka,0,8,8,7,3,6,3,250.0,2.32,7,15000.0,8.51,8,h,6,#8B0000,28.1,51.0,41.3,乱暴。強大なWeightと乱流摩擦。,,4,5,6,1,REDUP(畳語・同一)
どかん,dokaŋ,dokaŋ,0,9,8,9,7,2,4,120.0,0.46,9,20000.0,9.0,9,h,6,#000000,0.0,0.0,0.0,爆発。最大の衝撃波と空間指向性。,,3,6,0,0,N(撥音単発)
どきっ,dokiʔ,dokiʔ,0,7,9,8,9,5,5,350.0,3.17,9,13000.0,8.27,9,h,6,#FF0000,53.2,80.1,67.2,内的衝撃。最大Time(9)と気圧変動。,,2,5,0,0,Q(促音単発)
どきどき,dokidoki,dokidoki,0,6,7,6,8,6,6,300.0,2.78,7,9000.0,7.64,8,h,6,#FF4500,57.6,67.8,69.0,反復拍動。高いWeightと時間密度。,,4,5,6,1,REDUP(畳語・同一)
どぎまぎ,doɡimaɡi,doɡimaɡi,0,5,7,3,7,7,6,400.0,3.51,6,6000.0,6.95,7,h,6,#FFD700,86.9,-1.9,87.1,狼狽。低いSpace(3)と抑制の反転。,,5,5,5,8,COMPOUND(複合・異種)
どしどし,doɕidoɕi,doɕidoɕi,0,8,7,8,4,5,3,280.0,2.61,6,11000.0,7.98,8,h,6,#8B4513,37.5,26.4,41.0,質量推進。強大なWeightと直接性。,,4,5,6,1,REDUP(畳語・同一)
どしゃどしゃ,doɕadoɕa,doɕadoɕa,0,8,6,5,2,8,9,240.0,2.22,5,17000.0,8.72,9,mc,3,#4682B4,52.5,-4.1,-32.2,激流。最大のMoisture(9)と重量。,,4,5,6,1,REDUP(畳語・同一)
どしんどしん,doɕindoɕiŋ,doɕindoɕiŋ,0,9,8,9,8,2,4,130.0,0.66,8,18000.0,8.82,9,mc,3,#000000,0.0,0.0,0.0,巨人歩行。最大のWeight(9)とBo数。,,4,5,6,1,REDUP(畳語・同一)
どすんどすん,dosuŋdosuŋ,dosundosuŋ,1,9,8,9,9,2,3,140.0,0.85,9,19000.0,8.91,9,mc,3,#2F4F4F,31.3,-11.7,-3.7,鈍重衝撃。最大の空間直接性と抑制。,,4,5,6,1,REDUP(畳語・同一)
どたばた,dotabata,dotabata,0,8,8,4,3,6,4,320.0,2.94,8,14000.0,8.39,7,h,6,#8B4513,37.5,26.4,41.0,不規則衝突。高い乱流(Re)と時間性。,,5,5,5,8,COMPOUND(複合・異種)
どっかり,dokkaɾi,dokkaɾi,0,9,5,8,9,3,5,200.0,1.75,8,3000.0,5.78,9,mc,3,#000000,0.0,0.0,0.0,重座。最大のWeightと抑制(Flow 9)。,,5,5,5,8,COMPOUND(複合・異種)
どっさり,dossaɾi,dossaɾi,0,8,4,6,3,7,6,280.0,2.61,7,6000.0,6.95,8,mc,3,#DAA520,70.8,8.5,68.8,大量。高い流体性と質量密度。,,5,5,5,8,COMPOUND(複合・異種)
どっしり,doɕɕiɾi,doɕɕiɾi,0,9,3,9,9,2,5,180.0,1.49,6,2000.0,5.09,9,mc,3,#2F4F4F,31.3,-11.7,-3.7,安定重量。最大の空間直接性と抑制。,,5,5,5,8,COMPOUND(複合・異種)
どっと,dotto,dotto,0,8,8,9,4,7,5,300.0,2.78,9,12000.0,8.13,8,h,6,#FF0000,53.2,80.1,67.2,噴出。最大Time(8)と空間指向性。,,3,4,0,0,Qto(っと)
どっぷり,doppuɾi,doppuɾi,0,8,2,4,9,7,9,150.0,1.03,5,1800.0,4.91,9,mh,5,#000080,13.0,47.5,-64.7,没入。最大Moisture(9)と抑制。,,5,5,5,8,COMPOUND(複合・異種)
どでん,dodeŋ,dodeŋ,0,9,8,7,8,3,4,180.0,1.49,8,14000.0,8.39,9,mc,3,#000000,0.0,0.0,0.0,巨大転倒。強大なWeightと圧縮衝撃。,,3,6,0,0,N(撥音単発)
どぶん,dobuŋ,dobuŋ,0,9,8,9,7,7,9,110.0,0.24,8,20000.0,9.0,9,mc,3,#191970,15.9,31.7,-49.6,深い水没。最大のBo数と重量。,,3,6,0,0,N(撥音単発)
どぼん,doboŋ,doboŋ,0,8,8,9,8,7,9,130.0,0.66,9,19000.0,8.91,9,mc,3,#0000CD,25.0,67.2,-91.5,液体落着。高い圧縮性と直接性。,,3,6,0,0,N(撥音単発)
どやどや,dojadoja,dojadoja,0,6,7,5,2,8,5,350.0,3.17,6,15000.0,8.51,7,h,6,#DAA520,70.8,8.5,68.8,群衆乱入。高い乱流(Re)と時間密度。,,4,5,6,1,REDUP(畳語・同一)
どろどろ,doɾodoɾo,doɾodoɾo,0,7,2,2,6,9,9,160.0,1.19,2,1100.0,4.07,9,mh,5,#4B3621,24.5,6.4,16.8,高粘性流体。最大Moisture(9)と低周波。,,4,5,6,1,REDUP(畳語・同一)
どろん,doɾoŋ,doɾoŋ,0,5,8,8,4,9,6,280.0,2.61,8,6000.0,6.95,7,mc,3,#808080,53.6,-0.0,0.0,消失。流体的な時間変化。,,3,6,0,0,N(撥音単発)
どんちゃん,dontɕaŋ,dontɕaŋ,0,7,8,6,1,5,4,500.0,4.07,7,16000.0,8.62,7,h,6,#FF0000,53.2,80.1,67.2,狂騒。高い乱流(Re)と自由Flow。,,5,5,5,8,COMPOUND(複合・異種)
どんと,donto,donto,0,9,4,9,9,2,3,180.0,1.49,8,4000.0,6.27,9,mc,3,#000000,0.0,0.0,0.0,構え。最大の空間直接性と抑制。,,3,5,0,0,OTHER(単発)
どんどん,dondoŋ,dondoŋ,0,8,7,9,5,3,4,200.0,1.75,5,14000.0,8.39,9,h,6,#8B0000,28.1,51.0,41.3,進行。強大なWeightと空間直接性。,,4,5,6,1,REDUP(畳語・同一)
どんぴしゃ,donpiɕa,dompiɕa,1,5,9,9,9,4,2,600.0,4.54,9,13000.0,8.27,9,h,6,#FFFFFF,100.0,-0.0,0.0,適合。最大のTime、Space、抑制。,,5,5,5,8,COMPOUND(複合・異種)
どんみり,donmiɾi,dommiɾi,1,7,2,3,8,6,7,180.0,1.49,4,600.0,3.04,8,mc,3,#483D8B,30.8,26.1,-42.1,停滞。重いWeightと最小の時間性。,,5,5,5,8,COMPOUND(複合・異種)
どんより,donjoɾi,doŋjoɾi,1,8,1,1,9,8,8,120.0,0.46,1,300.0,1.87,9,c,2,#2F4F4F,31.3,-11.7,-3.7,陰鬱。最大の重量、最小のSpace、最大抑制。,,5,5,5,8,COMPOUND(複合・異種)
なびなび,nabinabi,nabinabi,0,2,3,1,0,9,6,220.0,2.0,2,1500.0,4.6,4,mh,5,#F0E68C,90.3,-9.0,45.0,鼻音/n/による軟らかさとFlow 0。布や旗が風に流動する層流。,,4,5,6,1,REDUP(畳語・同一)
なみなみ,naminami,naminami,0,4,2,2,3,9,9,240.0,2.22,1,800.0,3.53,9,mc,3,#00BFFF,72.5,-17.7,-42.5,表面張力の物理。鼻音の持続と最大Moisture(9)。低Re数。,,4,5,6,1,REDUP(畳語・同一)
なよなよ,najonajo,najonajo,0,1,2,1,1,9,7,300.0,2.78,2,400.0,2.35,3,mh,5,#FFF0F5,96.1,5.9,-0.6,半母音/j/による骨格の欠如。最小Weight(1)と高い流体性。,,4,5,6,1,REDUP(畳語・同一)
にこっ,nikoʔ,nikoʔ,0,2,9,8,5,7,4,1800.0,7.32,9,9000.0,7.64,8,h,6,#FFD700,86.9,-1.9,87.1,鼻音の親和性と促音の遮断。瞬時の気圧変化（Bo 8）。,,2,5,0,0,Q(促音単発)
にこにこ,nikoniko,nikoniko,0,2,5,5,2,8,3,1600.0,7.02,4,3500.0,6.04,4,h,6,#FFFF00,97.1,-21.6,94.5,高周波(1600Hz)と自由なFlow。幸福感に伴う高い温度感。,,4,5,6,1,REDUP(畳語・同一)
にこり,nikoɾi,nikoɾi,0,2,6,7,3,8,4,1700.0,7.17,6,4000.0,6.27,6,h,6,#FFFACD,97.6,-5.4,22.2,弾き音による動作の完了。流体的な運動の余韻。,,4,6,0,0,RI(り単発)
にたにた,nitanita,nitanita,0,3,4,2,8,6,5,450.0,3.81,5,1200.0,4.22,7,mc,3,#ADFF2F,92.0,-52.5,81.9,粘着質な笑い。抑制(Flow 8)と有声性の増加。,,4,5,6,1,REDUP(畳語・同一)
にたり,nitaɾi,nitaɾi,0,3,7,6,7,7,6,500.0,4.07,6,2500.0,5.47,8,mc,3,#9ACD32,76.5,-38.0,66.6,満足感。直接性(Space 6)と弾き音による収束。,,4,6,0,0,RI(り単発)
にっ,niʔ,niʔ,0,3,9,9,9,4,2,2200.0,7.82,9,11000.0,7.98,9,h,6,#FFFFFF,100.0,-0.0,0.0,歯を見せる瞬間。最大のTime(9)と直接性。,,2,5,0,0,Q(促音単発)
にゃーにゃー,ɲa:ɲa:,ɲaːɲaː,0,2,2,4,1,9,7,800.0,5.26,0,1500.0,4.6,5,h,6,#FFB6C1,81.1,28.0,5.0,猫の鳴声。鼻音と半母音の持続による高い流体性。,,4,5,6,1,REDUP(畳語・同一)
にやにや,nijanija,nijanija,0,2,3,1,3,8,6,400.0,3.51,2,1000.0,3.91,6,mh,5,#F0E68C,90.3,-9.0,45.0,不定形なSpace(1)。内向的で粘性のある流体運動。,,4,5,6,1,REDUP(畳語・同一)
にやり,nijaɾi,nijaɾi,0,3,6,7,4,8,5,550.0,4.32,5,2800.0,5.66,7,h,6,#FFFFFF,100.0,-0.0,0.0,企みの表出。高い空間直接性と時間的決定。,,4,6,0,0,RI(り単発)
にゅるにゅる,ɲuɾuɲuɾu,ɲuɾuɲuɾu,0,5,4,2,9,7,9,180.0,1.49,2,600.0,3.04,9,mc,3,#556B2F,42.2,-18.8,30.6,高粘性流体。鼻音と弾き音の連続による最大Moisture(9)。,,4,5,6,1,REDUP(畳語・同一)
にょきにょき,ɲokiɲoki,ɲokiɲoki,0,4,6,8,4,5,4,600.0,4.54,6,4500.0,6.47,7,mh,5,#32CD32,72.6,-67.1,61.4,垂直方向の不連続成長。高いSpace(8)と中庸のWeight。,,4,5,6,1,REDUP(畳語・同一)
にょろにょろ,ɲoɾoɲoɾo,ɲoɾoɲoɾo,0,3,3,1,2,9,8,300.0,2.78,1,1200.0,4.22,8,mc,3,#006400,36.2,-43.4,41.9,不定形な曲線運動。最大の流体性(9)と低Re数。,,4,5,6,1,REDUP(畳語・同一)
ぬくぬく,nukunuku,nukunuku,0,3,2,2,0,8,6,250.0,2.32,2,500.0,2.73,4,hh,7,#FFD700,86.9,-1.9,87.1,鼻音の低周波共鳴。自由なFlow(0)と高い温度(hh)。,,4,5,6,1,REDUP(畳語・同一)
ぬけぬけ,nukenuke,nukenuke,0,4,5,4,1,9,2,500.0,4.07,4,3000.0,5.78,3,h,6,#FFFFFF,100.0,-0.0,0.0,厚顔無恥。遮蔽物のない流体運動と高い流速。,,4,5,6,1,REDUP(畳語・同一)
ぬっと,nutto,nutto,0,6,8,9,9,6,4,220.0,2.0,9,9000.0,7.64,9,mc,3,#000000,0.0,0.0,0.0,突然の出現。高いWeight(6)と最大Space(9)、Bo数。,,3,4,0,0,Qto(っと)
ぬめぬめ,numenume,numenume,0,5,2,1,8,6,9,150.0,1.03,2,300.0,1.87,9,mc,3,#2F4F4F,31.3,-11.7,-3.7,最大Moisture(9)と抑制(8)。粘膜的物理プロファイル。,,4,5,6,1,REDUP(畳語・同一)
ぬらぬら,nuɾanuɾa,nuɾanuɾa,0,4,3,2,1,8,8,280.0,2.61,2,1500.0,4.6,8,mh,5,#4B3621,24.5,6.4,16.8,脂ぎった表面。高い流体性と中程度の乱流(Re)。,,4,5,6,1,REDUP(畳語・同一)
ぬるぬる,nuɾunuɾu,nuɾunuɾu,0,4,2,1,3,9,9,200.0,1.75,1,700.0,3.31,9,mc,3,#000080,13.0,47.5,-64.7,摩擦係数の最小化。鼻音による持続と潤滑物理。,,4,5,6,1,REDUP(畳語・同一)
ねそねそ,nesoneso,nesoneso,0,5,1,1,9,4,6,180.0,1.49,1,400.0,2.35,7,c,2,#808080,53.6,-0.0,0.0,意欲の欠如。最小Time(1)と最大のFlow抑制(9)。,,4,5,6,1,REDUP(畳語・同一)
ねちねち,netɕinetɕi,netɕinetɕi,0,6,3,3,9,3,9,320.0,2.94,5,900.0,3.73,9,mh,5,#4B0082,20.5,51.7,-53.3,執拗な粘着。最大のMoistureと抑制された不快感。,,4,5,6,1,REDUP(畳語・同一)
ねっとり,nettoɾi,nettoɾi,0,7,2,4,9,2,9,250.0,2.32,6,1100.0,4.07,9,mh,5,#DAA520,70.8,8.5,68.8,高密度。最大の抑制(9)とMoisture。高いBo数（凝縮）。,,5,5,5,8,COMPOUND(複合・異種)
ねとねと,netoneto,netoneto,0,6,2,2,8,4,9,200.0,1.75,2,800.0,3.53,9,mc,3,#8B4513,37.5,26.4,41.0,接地面積の広い粘着。持続的な抑制と高粘性。,,4,5,6,1,REDUP(畳語・同一)
ねばねば,nebaneba,nebaneba,0,7,3,3,7,5,9,180.0,1.49,3,1500.0,4.6,9,mc,3,#6B8E23,54.7,-28.2,49.7,納豆等の高分子流体。有声破裂音によるWeight増加。,,4,5,6,1,REDUP(畳語・同一)
のこのこ,nokonoko,nokonoko,0,3,4,3,2,8,3,350.0,3.17,4,2800.0,5.66,4,0,4,#FFFFFF,100.0,-0.0,0.0,図々しい無関心。低いWeightと適度な流体運動。,,4,5,6,1,REDUP(畳語・同一)
のそのそ,nosonoso,nosonoso,0,7,2,1,6,6,5,180.0,1.49,3,600.0,3.04,7,c,2,#708090,52.8,-2.1,-10.6,巨大な質量の移動。重いWeight(7)と最小Space(1)。,,4,5,6,1,REDUP(畳語・同一)
のっしのっし,noɕɕinoɕɕi,noɕɕinoɕɕi,0,9,6,8,8,3,4,120.0,0.46,7,12000.0,8.13,9,mc,3,#000000,0.0,0.0,0.0,重厚な足取り。最大のWeight(9)と強い直接性(8)。,,4,5,6,1,REDUP(畳語・同一)
のっぺり,noppeɾi,noppeɾi,0,5,2,5,4,7,2,280.0,2.61,6,5000.0,6.65,6,0,4,#D3D3D3,84.6,-0.0,0.0,平滑な平面。陰影の欠如(Bo数の中庸)と抑制。,,5,5,5,8,COMPOUND(複合・異種)
のほほん,nohohoŋ,nohohoŋ,0,1,1,1,0,9,5,400.0,3.51,1,100.0,0.0,1,h,6,#F5F5DC,95.9,-4.2,12.0,完全な脱力。最小エフォート群。自由なFlow(0)。,,5,5,5,8,COMPOUND(複合・異種)
のらくら,noɾakuɾa,noɾakuɾa,0,2,3,1,1,9,3,450.0,3.81,2,3000.0,5.78,3,mh,5,#FFFFFF,100.0,-0.0,0.0,回避的運動。最小のWeightと不特定の流体経路。,,5,5,5,8,COMPOUND(複合・異種)
のろのろ,noɾonoɾo,noɾonoɾo,0,6,1,1,7,8,6,150.0,1.03,1,400.0,2.35,8,c,2,#2F4F4F,31.3,-11.7,-3.7,極低速。最小Time(1)と高い抑制(7)。高粘性流。,,4,5,6,1,REDUP(畳語・同一)
のんびり,nombiɾi,nombiɾi,0,3,1,2,0,8,6,220.0,2.0,2,500.0,2.73,5,h,6,#FFFACD,97.6,-5.4,22.2,弛緩。鼻音の共鳴による安心感と自由なFlow(0)。,,5,5,5,8,COMPOUND(複合・異種)
のーのー,no:no:,noːnoː,0,4,1,1,2,9,5,200.0,1.75,0,200.0,1.18,6,mh,5,#F5F5F5,96.5,-0.0,0.0,厚顔な平穏。長音による持続。抵抗の欠如。,,4,5,6,1,REDUP(畳語・同一)
はあはあ,ha:ha:,haahaa,1,6,4,2,0,9,7,500.0,4.07,1,8000.0,7.44,4,h,6,#FF4500,57.6,67.8,69.0,呼吸。有気音/h/の連続。高い温度(h)と自由なFlow。,,4,5,6,1,REDUP(畳語・同一)
はきはき,hakihaki,hakihaki,0,3,8,9,3,5,2,1200.0,6.29,8,9000.0,7.64,7,h,6,#FFFFFF,100.0,-0.0,0.0,明瞭。最大の空間直接性(9)と時間的突発性(8)。,,4,5,6,1,REDUP(畳語・同一)
はくしょん,hakuɕoŋ,hakuɕoŋ,0,7,9,8,7,5,7,450.0,3.81,9,18000.0,8.82,9,h,6,#FFFFFF,100.0,-0.0,0.0,くしゃみの爆発。最大のTime(9)と気圧放出(Bo 9)。,,5,5,5,8,COMPOUND(複合・異種)
はっきり,hakkiɾi,hakkiɾi,0,4,8,9,8,4,1,800.0,5.26,8,11000.0,7.98,9,0,4,#000000,0.0,0.0,0.0,輪郭の解像度。最大のSpace(9)とFlow抑制(8)。,,5,5,5,8,COMPOUND(複合・異種)
はっし,haɕɕi,haɕɕi,0,6,9,9,9,3,2,1500.0,6.86,9,14000.0,8.39,9,c,2,#FFFFFF,100.0,-0.0,0.0,打撃または注視。最大の抑制と時間突発性。,,2,5,0,0,Q(促音単発)
はっと,hatto,hatto,0,5,9,8,9,4,4,650.0,4.74,9,12000.0,8.13,9,h,6,#FF0000,53.2,80.1,67.2,覚醒。最大のTime(9)と内部気圧の上昇(Bo 9)。,,3,4,0,0,Qto(っと)
はらはら,haɾahaɾa,haɾahaɾa,0,1,5,2,1,9,3,550.0,4.32,4,4500.0,6.47,3,c,2,#FFFFFF,100.0,-0.0,0.0,落葉や不安。低Weightと乱流(Re)への境界。,,4,5,6,1,REDUP(畳語・同一)
ばかっ,bakaʔ,bakaʔ,0,8,9,9,8,3,3,180.0,1.49,9,16000.0,8.62,9,h,6,#FF0000,53.2,80.1,67.2,破裂。有声破裂音による大Weightと遮断(Decay 9)。,,2,5,0,0,Q(促音単発)
ばしっ,baɕiʔ,baɕiʔ,0,8,9,9,9,2,2,1200.0,6.29,9,15000.0,8.51,9,h,6,#FFFFFF,100.0,-0.0,0.0,打撃。高いHardness(2)と最大のSpace直接性(9)。,,2,5,0,0,Q(促音単発)
ばしゃばしゃ,baɕabaɕa,baɕabaɕa,0,6,7,5,2,8,9,400.0,3.51,6,18000.0,8.82,8,mc,3,#4682B4,52.5,-4.1,-32.2,散水。最大Moisture(9)と乱流 Re数。,,4,5,6,1,REDUP(畳語・同一)
ばたっ,bataʔ,bataʔ,0,9,9,9,8,3,4,150.0,1.03,9,19000.0,8.91,9,mc,3,#000000,0.0,0.0,0.0,倒壊。最大のWeight(9)と突発停止(Decay 9)。,,2,5,0,0,Q(促音単発)
ばっさり,bassaɾi,bassaɾi,0,7,8,9,4,7,2,450.0,3.81,8,11000.0,7.98,8,c,2,#FFFFFF,100.0,-0.0,0.0,大胆な切断。高いWeightと空間直接性。,,5,5,5,8,COMPOUND(複合・異種)
ばったばった,battabatta,battabatta,0,8,8,8,5,4,4,250.0,2.32,7,14000.0,8.39,7,h,6,#8B4513,37.5,26.4,41.0,連続的な倒壊。有声性と促音による衝撃の蓄積。,,4,5,6,1,REDUP(畳語・同一)
ばったり,battaɾi,battaɾi,0,8,9,8,8,3,5,200.0,1.75,9,12000.0,8.13,9,mc,3,#000000,0.0,0.0,0.0,遭遇または倒伏。最大の時間性と直接性。,,5,5,5,8,COMPOUND(複合・異種)
ばっちり,battɕiɾi,battɕiɾi,0,6,8,9,9,2,3,800.0,5.26,8,9000.0,7.64,9,h,6,#DAA520,70.8,8.5,68.8,完遂。最大のSpace(9)と抑制(9)。高い適合性。,,5,5,5,8,COMPOUND(複合・異種)
ばんばん,bambaŋ,bambaŋ,0,8,7,9,4,4,5,180.0,1.49,5,13000.0,8.27,9,h,6,#FF0000,53.2,80.1,67.2,連続打撃。鼻音による共鳴と強大なWeight。,,4,5,6,1,REDUP(畳語・同一)
ぱきぱき,pakipaki,pakipaki,0,3,8,7,8,1,0,2500.0,8.15,8,11000.0,7.98,6,c,2,#FFFFFF,100.0,-0.0,0.0,硬質な破壊。最小のMoisture(0)と高いHardness。,,4,5,6,1,REDUP(畳語・同一)
ぱくぱく,pakupaku,pakupaku,0,3,6,6,4,6,4,600.0,4.54,6,4500.0,6.47,7,mh,5,#FFDAB9,89.4,8.1,21.0,咀嚼。両唇音の開放と高い時間性。,,4,5,6,1,REDUP(畳語・同一)
ぱくり,pakuɾi,pakuɾi,0,4,7,8,5,6,5,500.0,4.07,7,6000.0,6.95,8,mh,5,#FF8C00,69.5,36.8,75.5,捕食の完了。弾き音によるSpaceの収束。,,4,6,0,0,RI(り単発)
ぱさぱさ,pasapasa,pasapasa,0,1,4,2,3,9,0,1200.0,6.29,5,10000.0,7.82,2,c,2,#D2B48C,75.0,5.0,24.4,枯渇。最大の流体性と最小のMoisture(0)。,,4,5,6,1,REDUP(畳語・同一)
ぱちくり,patɕikuɾi,patɕikuɾi,0,2,8,6,3,7,3,1500.0,6.86,8,8000.0,7.44,5,h,6,#FFFFFF,100.0,-0.0,0.0,まばたき。高い時間性と流体的な運動。,,5,5,5,8,COMPOUND(複合・異種)
ぱちぱち,patɕipatɕi,patɕipatɕi,0,3,8,7,6,3,1,2000.0,7.58,7,13000.0,8.27,7,h,6,#FF4500,57.6,67.8,69.0,拍手または発火。高い周波数とHardness。,,4,5,6,1,REDUP(畳語・同一)
ぱっちり,pattɕiɾi,pattɕiɾi,0,3,8,9,9,4,3,1600.0,7.02,8,10000.0,7.82,9,h,6,#FFFFFF,100.0,-0.0,0.0,開眼。最大の空間直接性(9)と抑制。,,5,5,5,8,COMPOUND(複合・異種)
ぱらぱら,paɾapaɾa,paɾapaɾa,0,1,6,3,1,9,1,900.0,5.56,5,9500.0,7.74,4,mc,3,#FFFFFF,100.0,-0.0,0.0,散布。最小Weightと高いRe数（不連続性）。,,4,5,6,1,REDUP(畳語・同一)
ぱりっ,paɾiʔ,paɾiʔ,0,3,9,9,9,1,0,2800.0,8.44,9,16000.0,8.62,9,c,2,#FFFFFF,100.0,-0.0,0.0,薄い剛体の破壊。最大のHardness(1)と時間性。,,2,5,0,0,Q(促音単発)
ぱりぱり,paɾipaɾi,paɾipaɾi,0,3,8,8,8,1,0,2500.0,8.15,7,14000.0,8.39,8,c,2,#CD853F,61.8,21.4,47.9,表面特性。乾燥(0)と高い周波数の連続。,,4,5,6,1,REDUP(畳語・同一)
ぱー,pa:,paː,0,2,1,1,0,9,3,600.0,4.54,0,2000.0,5.09,1,h,6,#FFD700,86.9,-1.9,87.1,放出。長音による持続。自由なFlow(0)。,,2,7,7,1,LONG(長音ー)
ひしひし,çiɕiçiɕi,çiɕiçiɕi,0,4,6,7,9,3,4,1800.0,7.32,6,9000.0,7.64,8,c,2,#708090,52.8,-2.1,-10.6,圧力の浸透。高周波摩擦と最大の抑制(9)。,,4,5,6,1,REDUP(畳語・同一)
ひそひそ,çisoçiso,çisoçiso,0,1,5,2,9,9,2,2200.0,7.82,5,4000.0,6.27,3,c,2,#2F4F4F,31.3,-11.7,-3.7,密談。最小Weightと最大の抑制(9)。層流摩擦。,,4,5,6,1,REDUP(畳語・同一)
ひっそり,çi̥sːoɾi,çissoɾi,1,2,2,4,9,9,1,2500.0,8.15,6,500.0,2.73,9,cc,1,#F0F8FF,97.2,-1.3,-4.3,静寂の浸透。低Weightと最大のFlow抑制(9)。,,5,5,5,8,COMPOUND(複合・異種)
ひひーん,çiçi:ŋ,çiçiːŋ,0,4,4,7,3,8,5,1400.0,6.68,1,10000.0,7.82,6,h,6,#FFFFFF,100.0,-0.0,0.0,馬の鳴き声。有気音の持続と高い空間指向性。,,5,5,5,8,COMPOUND(複合・異種)
ひやっ,çijaʔ,çijaʔ,0,3,9,9,6,9,6,1200.0,6.29,9,15000.0,8.51,9,ccc,0,#E0FFFF,97.9,-9.9,-3.4,冷覚の衝撃。最大のTime(9)と極寒(ccc)。,,2,5,0,0,Q(促音単発)
ひゅうひゅう,çju:çju:,çuuçuu,1,2,3,5,1,9,3,2200.0,7.82,0,12000.0,8.13,5,c,2,#FFFFFF,100.0,-0.0,0.0,風の音。高い流体性と高周波持続音。,,4,5,6,1,REDUP(畳語・同一)
ひゅるひゅる,çjuɾuçjuɾu,çuɾuçuɾu,1,2,5,3,2,9,4,1800.0,7.32,3,9000.0,7.64,6,mc,3,#AFEEEE,90.1,-19.6,-6.4,螺旋状流体。乱流 Re数と高い流体性。,,4,5,6,1,REDUP(畳語・同一)
ひょいひょい,çjoiçjoi,çoiçoi,1,2,7,4,2,9,3,1000.0,5.83,6,4000.0,6.27,4,h,6,#FFFFFF,100.0,-0.0,0.0,軽快な動作。低いWeightと高い時間性。,,4,5,6,1,REDUP(畳語・同一)
ひょっ,çjoʔ,çoʔ,1,3,9,8,8,8,2,1100.0,6.07,9,13000.0,8.27,9,h,6,#FFFFFF,100.0,-0.0,0.0,偶然または出現。最大のTime(9)とBo数。,,2,5,0,0,Q(促音単発)
ひょっこり,çjokkoɾi,çokkoɾi,1,3,8,6,5,8,3,900.0,5.56,8,7000.0,7.22,8,h,6,#FFFFFF,100.0,-0.0,0.0,予想外の出現。高い時間性と流体的な余韻。,,5,5,5,8,COMPOUND(複合・異種)
ひよひよ,çijoçijo,çijoçijo,0,1,3,2,2,9,6,1300.0,6.49,2,800.0,3.53,2,mh,5,#FFFACD,97.6,-5.4,22.2,雛の鳴声。最小Weightと高い流体性。,,4,5,6,1,REDUP(畳語・同一)
ひらひら,çiɾaçiɾa,çiɾaçiɾa,0,1,4,2,1,9,2,850.0,5.42,4,5000.0,6.65,3,mc,3,#FFFFFF,100.0,-0.0,0.0,二次元の流体運動。低Weightと低いRe数。,,4,5,6,1,REDUP(畳語・同一)
ひりひり,çiɾiçiɾi,çiɾiçiɾi,0,3,6,7,9,5,1,2400.0,8.04,5,14000.0,8.39,7,hh,7,#FF4500,57.6,67.8,69.0,表面の痛み。高周波摩擦と高い温度感。,,4,5,6,1,REDUP(畳語・同一)
ひんやり,çiɲːaɾi,çiŋjaɾi,1,3,3,4,6,9,7,750.0,5.1,5,900.0,3.73,8,cc,1,#AFEEEE,90.1,-19.6,-6.4,冷感。鼻音による適度な水分と低い温度(cc)。,,5,5,5,8,COMPOUND(複合・異種)
ひーひー,çi:çi:,çiːçiː,0,4,5,4,8,7,6,2200.0,7.82,1,11000.0,7.98,6,h,6,#FFFFFF,100.0,-0.0,0.0,悲鳴や喘鳴。抑制されたFlowと高周波。,,4,5,6,1,REDUP(畳語・同一)
びくびく,bikubiku,bikubiku,0,6,7,3,9,5,5,400.0,3.51,7,7500.0,7.33,8,c,2,#808080,53.6,-0.0,0.0,怯え。重いWeight(6)と最大のFlow抑制(9)。,,4,5,6,1,REDUP(畳語・同一)
びくり,bikuɾi,bikuɾi,0,7,8,8,8,6,4,350.0,3.17,8,9500.0,7.74,9,c,2,#000000,0.0,0.0,0.0,震え。有声音によるWeightと突発時間性。,,4,6,0,0,RI(り単発)
びしびし,biɕibiɕi,biɕibiɕi,0,7,8,9,9,3,2,1400.0,6.68,7,12000.0,8.13,9,c,2,#000000,0.0,0.0,0.0,容赦ない打撃。最大のSpace(9)と抑制(9)。,,4,5,6,1,REDUP(畳語・同一)
びしゃびしゃ,biɕabiɕa,biɕabiɕa,0,6,5,3,3,8,9,220.0,2.0,4,18000.0,8.82,9,mc,3,#0000CD,25.0,67.2,-91.5,浸水。濁音のWeightと最大Moisture(9)。,,4,5,6,1,REDUP(畳語・同一)
びしょびしょ,biɕobiɕo,biɕobiɕo,0,7,4,2,4,8,9,180.0,1.49,2,17000.0,8.72,9,mc,3,#000080,13.0,47.5,-64.7,飽和。より重いWeightと水分保持物理。,,4,5,6,1,REDUP(畳語・同一)
びっしょり,biɕːoɾi,biɕɕoɾi,1,6,5,4,7,7,9,250.0,2.32,7,3000.0,5.78,9,mh,5,#191970,15.9,31.7,-49.6,完液。抑制されたFlowと鼻音的共鳴。,,5,5,5,8,COMPOUND(複合・異種)
びっしり,biɕːiɾi,biɕɕiɾi,1,7,4,9,9,3,3,1200.0,6.29,8,8500.0,7.55,9,c,2,#708090,52.8,-2.1,-10.6,隙間のない充填。最大のSpace(9)と抑制(9)。,,5,5,5,8,COMPOUND(複合・異種)
びゅんびゅん,bjuŋbjuŋ,bjumbjuŋ,1,7,7,9,3,8,4,350.0,3.17,4,15000.0,8.51,8,h,6,#1E90FF,59.4,10.0,-63.4,高速飛行。強大なWeight(7)と空間直接性。,,4,5,6,1,REDUP(畳語・同一)
ぴかっ,pikaʔ,pikaʔ,0,4,9,9,2,9,1,2800.0,8.44,9,20000.0,9.0,9,h,6,#FFFFFF,100.0,-0.0,0.0,閃光。最大のTime(9)と気圧放出(Bo 9)。,,2,5,0,0,Q(促音単発)
ぴかぴか,pikapika,pikapika,0,3,6,6,0,9,1,2500.0,8.15,4,18000.0,8.82,5,h,6,#FFD700,86.9,-1.9,87.1,光輝。高い流体性と自由なFlow(0)。,,4,5,6,1,REDUP(畳語・同一)
ぴかり,pikaɾi,pikaɾi,0,3,7,8,3,9,2,2200.0,7.82,6,14000.0,8.39,7,h,6,#FFFACD,97.6,-5.4,22.2,単発の光輝。弾き音による空間の収束。,,4,6,0,0,RI(り単発)
ぴたっ,pitaʔ,pitaʔ,0,4,9,9,9,5,6,450.0,3.81,9,15000.0,8.51,9,mh,5,#FFFFFF,100.0,-0.0,0.0,吸着停止。最大の抑制(9)と時間性。,,2,5,0,0,Q(促音単発)
ぴたり,pitaɾi,pitaɾi,0,4,8,9,9,6,7,500.0,4.07,8,11000.0,7.98,9,h,6,#FFFFFF,100.0,-0.0,0.0,精密適合。最大のSpace直接性(9)と抑制。,,4,6,0,0,RI(り単発)
ぴちぴち,pitɕipitɕi,pitɕipitɕi,0,3,8,7,5,4,8,1800.0,7.32,7,13000.0,8.27,8,mh,5,#87CEEB,79.2,-14.8,-21.3,活き。高い時間性と水分(Moisture 8)。,,4,5,6,1,REDUP(畳語・同一)
ぴったり,pittaɾi,pittaɾi,0,5,8,9,9,3,5,650.0,4.74,8,9500.0,7.74,9,h,6,#FFFFFF,100.0,-0.0,0.0,完全密着。最大の抑制(9)と直接性。,,5,5,5,8,COMPOUND(複合・異種)
ぴょん,pjoŋ,pjoŋ,0,3,8,8,4,8,3,800.0,5.26,8,7000.0,7.22,8,h,6,#FFFFFF,100.0,-0.0,0.0,飛躍。鼻音の反動による高い時間性。,,3,6,0,0,N(撥音単発)
ぴょんぴょん,pjoŋpjoŋ,pjompjoŋ,1,2,7,6,2,8,4,750.0,5.1,5,6000.0,6.95,7,h,6,#FFFFFF,100.0,-0.0,0.0,連続飛躍。低いWeightと流体運動。,,4,5,6,1,REDUP(畳語・同一)
ぴりっ,piɾiʔ,piɾiʔ,0,3,9,9,9,4,1,2600.0,8.25,9,17000.0,8.72,9,h,6,#FF4500,57.6,67.8,69.0,辛味や静電気。最大のTime(9)と高周波。,,2,5,0,0,Q(促音単発)
ぴりぴり,piɾipiɾi,piɾipiɾi,0,4,6,7,9,5,1,2400.0,8.04,6,15000.0,8.51,8,hh,7,#FF0000,53.2,80.1,67.2,緊張の浸透。最大のFlow抑制(9)と熱感。,,4,5,6,1,REDUP(畳語・同一)
ぴん,piŋ,piŋ,0,3,7,9,8,4,2,1200.0,6.29,7,10000.0,7.82,9,c,2,#FFFFFF,100.0,-0.0,0.0,緊張の極み。最大のSpace直接性(9)とBo数。,,3,6,0,0,N(撥音単発)
ぴんぴん,pimːpiŋ,pimpiŋ,1,3,6,8,4,5,3,1100.0,6.07,5,8000.0,7.44,8,h,6,#ADFF2F,92.0,-52.5,81.9,活力。高い空間指向性と時間性。,,4,5,6,1,REDUP(畳語・同一)
ぴーちく,pi:tɕiku,piːtɕiku,0,2,5,5,3,8,4,3000.0,8.61,2,11000.0,7.98,4,h,6,#FFFFE0,99.3,-5.1,14.8,鳥の囀り。長音による流体性と高周波。,,5,5,5,8,COMPOUND(複合・異種)
ぴーぴー,pi:pi:,piːpiː,0,2,2,6,4,9,3,2800.0,8.44,0,13000.0,8.27,5,h,6,#FFFFFF,100.0,-0.0,0.0,電子音や泣き声。高い流体性と指向性。,,4,5,6,1,REDUP(畳語・同一)
ふうふう,ɸu:ɸu:,ɸuuɸuu,1,4,2,2,0,9,7,450.0,3.81,1,7000.0,7.22,5,h,6,#FFD700,86.9,-1.9,87.1,冷却または喘鳴。摩擦音/ɸ/と自由Flow。,,4,5,6,1,REDUP(畳語・同一)
ふかふか,ɸukaɸuka,ɸukaɸuka,0,2,2,2,1,8,3,350.0,3.17,3,400.0,2.35,3,mh,5,#FFF5EE,97.1,2.2,4.6,多孔質。最小のWeightと高い流体性。,,4,5,6,1,REDUP(畳語・同一)
ふさふさ,ɸusaɸusa,ɸusaɸusa,0,1,3,1,2,9,2,800.0,5.26,2,2000.0,5.09,2,mh,5,#F5F5F5,96.5,-0.0,0.0,毛髪。最小Weight(1)と自由な流体運動。,,4,5,6,1,REDUP(畳語・同一)
ふっくら,ɸukkuɾa,ɸukkuɾa,0,3,3,4,5,7,5,300.0,2.78,6,800.0,3.53,6,mh,5,#FFE4E1,92.7,8.7,4.8,膨らみ。適度な抑制とBo数（内部気圧）。,,5,5,5,8,COMPOUND(複合・異種)
ふっと,ɸutto,ɸutto,0,3,9,8,6,9,1,600.0,4.54,9,12000.0,8.13,9,h,6,#FFFFFF,100.0,-0.0,0.0,吐息や消失。最大のTime(9)と流体性。,,3,4,0,0,Qto(っと)
ふっふっ,ɸuɸːuʔ,ɸuɸɸuʔ,1,2,9,5,7,9,4,500.0,4.07,9,8000.0,7.44,8,h,6,#FFFFFF,100.0,-0.0,0.0,抑制された吐息。高い時間性と流体性。,,4,5,6,1,REDUP(畳語・同一)
ふつふつ,ɸutsuɸutsu,ɸutsuɸutsu,0,4,6,6,9,6,8,280.0,2.61,5,2500.0,5.47,9,hh,7,#FF4500,57.6,67.8,69.0,沸き上がる。最大の抑制(9)とBo数（気泡）。,,4,5,6,1,REDUP(畳語・同一)
ふと,ɸuto,ɸuto,0,2,8,4,3,9,2,450.0,3.81,8,9000.0,7.64,8,h,6,#FFFFFF,100.0,-0.0,0.0,瞬間的想起。高い時間性と流体性。,,3,5,0,0,OTHER(単発)
ふにゃふにゃ,ɸuɲaɸuɲa,ɸuɲaɸuɲa,0,1,2,1,1,9,9,200.0,1.75,2,300.0,1.87,9,mh,5,#F5DEB3,89.4,1.5,24.0,骨抜き。最小Weightと最大Moisture(9)。,,4,5,6,1,REDUP(畳語・同一)
ふらふら,ɸuɾaɸuɾa,ɸuɾaɸuɾa,0,2,4,2,2,9,4,320.0,2.94,4,3500.0,6.04,4,mc,3,#FFFFFF,100.0,-0.0,0.0,目眩。高い流体性と不定形なSpace。,,4,5,6,1,REDUP(畳語・同一)
ふわふわ,ɸuwaɸuwa,ɸuwaɸuwa,0,1,1,1,0,9,2,300.0,2.78,1,100.0,0.0,1,mh,5,#F5F5F5,96.5,-0.0,0.0,浮揚。最小エフォート。最大流体性。,,4,5,6,1,REDUP(畳語・同一)
ふん,ɸuŋ,ɸuŋ,0,4,6,7,8,5,4,220.0,2.0,7,3000.0,5.78,8,h,6,#8B0000,28.1,51.0,41.3,鼻息。高い抑制(8)と空間指向性。,,3,6,0,0,N(撥音単発)
ふんわり,ɸumːwaɾi,ɸuŋwaɾi,1,2,2,3,0,9,4,280.0,2.61,2,400.0,2.35,3,mh,5,#FFFACD,97.6,-5.4,22.2,柔らかな着地。最小Weightと自由Flow。,,5,5,5,8,COMPOUND(複合・異種)
ぶうぶう,bu:bu:,buubuu,1,6,2,4,1,7,7,180.0,1.49,0,1500.0,4.6,7,mc,3,#556B2F,42.2,-18.8,30.6,不満。有声音の持続。乱流摩擦。,,4,5,6,1,REDUP(畳語・同一)
ぶかぶか,bukabuka,bukabuka,0,4,4,2,2,8,3,250.0,2.32,4,4000.0,6.27,5,0,4,#D2B48C,75.0,5.0,24.4,過大な空間。低い粘性と流体運動。,,4,5,6,1,REDUP(畳語・同一)
ぶくぶく,bukubuku,bukubuku,0,7,4,3,5,7,9,140.0,0.85,5,2000.0,5.09,9,mc,3,#0000FF,32.3,79.2,-107.9,泡。最大Moisture(9)と内部気圧(Bo 8)。,,4,5,6,1,REDUP(畳語・同一)
ぶすっ,busuʔ,busuʔ,0,7,9,9,9,4,5,400.0,3.51,9,14000.0,8.39,9,mc,3,#000000,0.0,0.0,0.0,刺入。最大のWeight(7)、直接性、抑制。,,2,5,0,0,Q(促音単発)
ぶつくさ,butsuku̥sa,butsukusa,0,5,6,5,8,6,4,380.0,3.38,6,5000.0,6.65,6,c,2,#708090,52.8,-2.1,-10.6,独り言。高い抑制(8)と乱流(Re)。,,5,5,5,8,COMPOUND(複合・異種)
ぶらぶら,buɾabuɾa,buɾabuɾa,0,5,3,2,1,8,5,280.0,2.61,3,3500.0,6.04,6,mc,3,#8B4513,37.5,26.4,41.0,懸垂振動。高い流体性と中庸のWeight。,,4,5,6,1,REDUP(畳語・同一)
ぶらり,buɾaɾi,buɾaɾi,0,4,6,6,4,8,4,320.0,2.94,6,4000.0,6.27,5,mc,3,#A0522D,43.8,29.3,35.6,無計画。高い流体性と弾き音の余韻。,,4,6,0,0,RI(り単発)
ぶりしゃり,buɾiɕaɾi,buɾiɕaɾi,0,7,8,8,8,3,4,550.0,4.32,7,11000.0,7.98,7,c,2,#FFFFFF,100.0,-0.0,0.0,結晶質な食感。高いHardness(3)と抑制。,,5,5,5,8,COMPOUND(複合・異種)
ぶるぶる,buɾubuɾu,buɾubuɾu,0,7,7,4,9,5,5,200.0,1.75,7,9000.0,7.64,8,ccc,0,#0000FF,32.3,79.2,-107.9,震え。有声音のWeightと極寒(ccc)。,,4,5,6,1,REDUP(畳語・同一)
ぶわぶわ,buwabuwa,buwabuwa,0,6,4,2,2,9,6,220.0,2.0,2,6000.0,6.95,7,h,6,#FF8C00,69.5,36.8,75.5,膨張。高い流体性と適度なWeight。,,4,5,6,1,REDUP(畳語・同一)
ぶんぶん,bumbum,bumbuŋ,1,7,6,9,3,8,4,180.0,1.49,4,16000.0,8.62,9,h,6,#191970,15.9,31.7,-49.6,蜂や旋回。最大のSpace直接性(9)とWeight。,,4,5,6,1,REDUP(畳語・同一)
ぶーぶー,bu:bu:,buːbuː,0,6,2,5,2,7,7,160.0,1.19,0,1200.0,4.22,8,c,2,#8B0000,28.1,51.0,41.3,警笛や不満。持続的乱流。,,4,5,6,1,REDUP(畳語・同一)
ぷい,pui,pui,0,3,8,8,6,8,4,600.0,4.54,8,9000.0,7.64,7,h,6,#FFFFFF,100.0,-0.0,0.0,横を向く。高い時間性と指向性。,,3,5,0,0,OTHER(単発)
ぷかぷか,pukapuka,pukapuka,0,2,3,2,1,9,3,450.0,3.81,3,100.0,0.0,3,mh,5,#F0FFFF,98.9,-4.9,-1.7,浮遊。最小Weightと高い流体性(9)。,,4,5,6,1,REDUP(畳語・同一)
ぷくっ,pukuʔ,pukuʔ,0,4,9,9,8,7,7,350.0,3.17,9,15000.0,8.51,9,mh,5,#FFB6C1,81.1,28.0,5.0,膨張の破裂。最大のTime(9)とBo数。,,2,5,0,0,Q(促音単発)
ぷよぷよ,pujopujo,pujopujo,0,3,2,1,4,9,9,220.0,2.0,2,500.0,2.73,9,mh,5,#FF69B4,65.5,64.2,-10.6,弾性流体。最大Moisture(9)と自由Flow。,,4,5,6,1,REDUP(畳語・同一)
ぷりぷり,puɾipuɾi,puɾipuɾi,0,4,7,7,7,6,8,550.0,4.32,6,4000.0,6.27,8,h,6,#FF1493,56.0,84.5,-5.7,弾力または怒り。高い抑制とMoisture。,,4,5,6,1,REDUP(畳語・同一)
ぷんぷん,pumpum,pumpuŋ,1,5,6,8,9,5,6,400.0,3.51,5,9000.0,7.64,9,hh,7,#FF0000,53.2,80.1,67.2,激怒。最大のFlow抑制(9)と高温度(hh)。,,4,5,6,1,REDUP(畳語・同一)
へたへた,hetaheta,hetaheta,0,5,3,1,4,8,6,250.0,2.32,5,500.0,2.73,5,mc,3,#708090,52.8,-2.1,-10.6,疲弊。重いWeight(5)と低いSpace(1)。,,4,5,6,1,REDUP(畳語・同一)
へとへと,hetoheto,hetoheto,0,7,2,1,6,7,7,200.0,1.75,6,300.0,1.87,6,c,2,#2F4F4F,31.3,-11.7,-3.7,限界疲労。最大のWeightと抑制。,,4,5,6,1,REDUP(畳語・同一)
へどもど,hedomodo,hedomodo,0,4,7,3,7,6,5,380.0,3.38,7,6000.0,6.95,6,h,6,#BDB76B,73.4,-8.8,39.3,狼狽。低いSpace(3)と不規則なTime。,,5,5,5,8,COMPOUND(複合・異種)
へなへな,henahena,henahena,0,1,2,1,1,9,7,220.0,2.0,2,400.0,2.35,6,mh,5,#F5F5DC,95.9,-4.2,12.0,腰砕け。最小Weightと高い流体性。,,4,5,6,1,REDUP(畳語・同一)
へらへら,heɾaheɾa,heɾaheɾa,0,1,5,3,0,9,4,600.0,4.54,3,3000.0,5.78,3,h,6,#FFFFE0,99.3,-5.1,14.8,軽薄。最小Weightと自由なFlow(0)。,,4,5,6,1,REDUP(畳語・同一)
べたべた,betabeta,betabeta,0,6,3,2,9,4,9,200.0,1.75,4,1200.0,4.22,9,mc,3,#8B4513,37.5,26.4,41.0,粘着。濁音のWeightと最大の抑制(9)。,,4,5,6,1,REDUP(畳語・同一)
べったり,bettaɾi,bettaɾi,0,7,2,5,9,3,9,180.0,1.49,7,900.0,3.73,9,mc,3,#556B2F,42.2,-18.8,30.6,全面密着。最大の抑制とMoisture(9)。,,5,5,5,8,COMPOUND(複合・異種)
べとべと,betoneto,betobeto,1,7,2,1,8,5,9,150.0,1.03,3,1000.0,3.91,9,mc,3,#4B3621,24.5,6.4,16.8,高粘性。低いTime(2)と水分量(9)。,,4,5,6,1,REDUP(畳語・同一)
べらべら,beɾabeɾa,beɾabeɾa,0,5,6,5,1,8,4,450.0,3.81,4,14000.0,8.39,6,h,6,#FF8C00,69.5,36.8,75.5,饒舌。乱流Re数と自由なFlow(1)。,,4,5,6,1,REDUP(畳語・同一)
ぺこぺこ,pekopeko,pekopeko,0,3,7,5,3,6,3,500.0,4.07,6,5000.0,6.65,5,h,6,#FFD700,86.9,-1.9,87.1,卑屈または空腹。周期的な抑制。,,4,5,6,1,REDUP(畳語・同一)
ぺしゃり,peɕaɾi,peɕaɾi,0,5,8,7,6,7,8,350.0,3.17,8,9000.0,7.64,8,mc,3,#808080,53.6,-0.0,0.0,圧壊。単発の流体変形と完了感。,,4,6,0,0,RI(り単発)
ぺちゃくちゃ,petɕakutɕa,petɕakutɕa,0,3,6,4,2,7,9,450.0,3.81,5,15000.0,8.51,9,h,6,#FF69B4,65.5,64.2,-10.6,雑談。最大Moisture(9)と乱流。,,5,5,5,8,COMPOUND(複合・異種)
ぺちゃんこ,petɕanko,petɕaŋko,1,6,8,5,8,5,8,280.0,2.61,8,3000.0,5.78,9,mc,3,#708090,52.8,-2.1,-10.6,圧壊状態。高い抑制(8)と変形。,,5,5,5,8,COMPOUND(複合・異種)
ぺったんぺったん,petːampetːaŋ,pettampettaŋ,1,6,7,8,7,4,8,220.0,2.0,7,11000.0,7.98,9,mh,5,#FFFFFF,100.0,-0.0,0.0,搗餅運動。高いBo数と抑制。,,4,5,6,1,REDUP(畳語・同一)
ぺりぺり,peɾipeɾi,peɾipeɾi,0,3,8,7,8,3,0,1800.0,7.32,8,12000.0,8.13,6,c,2,#FFFFFF,100.0,-0.0,0.0,剥離。高いHardness(3)と乾燥(0)。,,4,5,6,1,REDUP(畳語・同一)
ぺろっ,peɾoʔ,peɾoʔ,0,2,9,8,4,8,9,1100.0,6.07,9,14000.0,8.39,9,mh,5,#FFB6C1,81.1,28.0,5.0,舌の動き。最大のTime(9)とMoisture(9)。,,2,5,0,0,Q(促音単発)
ぺろぺろ,peɾopeɾo,peɾopeɾo,0,2,5,4,2,9,9,450.0,3.81,4,2500.0,5.47,9,mh,5,#FFC0CB,83.6,24.1,3.3,舐める動作。最大の水分量と流体性。,,4,5,6,1,REDUP(畳語・同一)
ほいほい,hoihoi,hoihoi,0,2,8,4,1,9,3,1000.0,5.83,7,8000.0,7.44,4,h,6,#FFFFFF,100.0,-0.0,0.0,二つ返事。高い時間性と自由Flow。,,4,5,6,1,REDUP(畳語・同一)
ほうほけきょ,ho:ɸokekjo,houhokekjo,1,2,4,7,2,8,4,1800.0,7.32,3,12000.0,8.13,6,h,6,#ADFF2F,92.0,-52.5,81.9,鶯。高周波(1800Hz)と高い空間指向性(7)。,,3,5,0,0,OTHER(単発)
ほかほか,hokahoka,hokahoka,0,3,2,2,0,9,5,420.0,3.63,1,400.0,2.35,4,hh,7,#FF4500,57.6,67.8,69.0,湯気。自由なFlow(0)と高い温度感(hh)。,,4,5,6,1,REDUP(畳語・同一)
ほくほく,hokuhoku,hokuhoku,0,4,4,4,5,6,3,350.0,3.17,5,1200.0,4.22,5,hh,7,#DAA520,70.8,8.5,68.8,根菜の熱。適度な抑制と高温度。,,4,5,6,1,REDUP(畳語・同一)
ほたほた,hotahota,hotahota,0,6,5,3,4,8,8,250.0,2.32,5,2000.0,5.09,8,mc,3,#8B4513,37.5,26.4,41.0,質量の滴下。高いWeight(6)と水分量。,,4,5,6,1,REDUP(畳語・同一)
ほっ,hoʔ,hoʔ,0,1,9,9,4,9,4,500.0,4.07,9,15000.0,8.51,9,h,6,#FFFFFF,100.0,-0.0,0.0,安堵。最大のTime(9)と流体性(9)。,,2,5,0,0,Q(促音単発)
ほっそり,hosːoɾi,hossoɾi,1,1,3,6,8,9,1,1400.0,6.68,6,900.0,3.73,8,0,4,#FFFFFF,100.0,-0.0,0.0,細長。最小Weight(1)と最大抑制(8)。,,5,5,5,8,COMPOUND(複合・異種)
ほつほつ,hotsuhotsu,hotsuhotsu,0,3,7,6,8,7,4,900.0,5.56,7,6000.0,6.95,6,mc,3,#808080,53.6,-0.0,0.0,断続的な出現。高い抑制(8)。,,4,5,6,1,REDUP(畳語・同一)
ほとほと,hotohoto,hotohoto,0,6,2,3,7,7,6,280.0,2.61,4,500.0,2.73,7,c,2,#483D8B,30.8,26.1,-42.1,困惑。重いWeight(6)と高い抑制(7)。,,4,5,6,1,REDUP(畳語・同一)
ほやほや,hojahoja,hojahoja,0,2,4,3,0,9,7,480.0,3.97,2,800.0,3.53,3,hh,7,#FFE4E1,92.7,8.7,4.8,新鮮。自由なFlow(0)と高水分、高温度。,,4,5,6,1,REDUP(畳語・同一)
ほろっ,hoɾoʔ,hoɾoʔ,0,2,9,7,5,9,5,550.0,4.32,9,11000.0,7.98,9,mc,3,#FFFFFF,100.0,-0.0,0.0,剥離または感涙。最大のTime(9)と流体性。,,2,5,0,0,Q(促音単発)
ほんのり,honːoɾi,honnoɾi,1,2,2,3,2,9,4,400.0,3.51,4,600.0,3.04,3,mh,5,#FFF0F5,96.1,5.9,-0.6,微かな気配。低Weightと自由に近いFlow。,,5,5,5,8,COMPOUND(複合・異種)
ほんわか,homːwaka,hoŋwaka,1,1,1,1,0,9,4,320.0,2.94,1,200.0,1.18,2,hh,7,#FFFACD,97.6,-5.4,22.2,平和。最小エフォート。高い温度感(hh)。,,5,5,5,8,COMPOUND(複合・異種)
ほーほー,ho:ho:,hoːhoː,0,3,1,4,2,9,3,250.0,2.32,0,1200.0,4.22,4,mh,5,#F5F5F5,96.5,-0.0,0.0,梟。持続的な流体音。低周波共鳴。,,4,5,6,1,REDUP(畳語・同一)
ぼけっ,bokeʔ,bokeʔ,0,6,9,3,9,7,4,300.0,2.78,9,15000.0,8.51,8,0,4,#FFFFFF,100.0,-0.0,0.0,呆然。濁音のWeight(6)と最大抑制。,,2,5,0,0,Q(促音単発)
ぼこぼこ,bokoboko,bokoboko,0,7,6,6,4,6,9,180.0,1.49,5,2500.0,5.47,9,mh,5,#8B4513,37.5,26.4,41.0,穴または沸騰。高いBo数とMoisture。,,4,5,6,1,REDUP(畳語・同一)
ぼさっ,bosaʔ,bosaʔ,0,6,9,4,9,7,1,400.0,3.51,9,14000.0,8.39,8,c,2,#000000,0.0,0.0,0.0,放心。高い抑制(9)と時間突発性。,,2,5,0,0,Q(促音単発)
ぼさぼさ,bosabosa,bosabosa,0,5,3,1,7,7,0,550.0,4.32,3,9000.0,7.64,4,c,2,#8B4513,37.5,26.4,41.0,無頓着。抑制(7)と最大の乾燥(0)。,,4,5,6,1,REDUP(畳語・同一)
ぼそぼそ,bosoboso,bosoboso,0,5,4,2,8,7,1,500.0,4.07,4,8000.0,7.44,5,c,2,#708090,52.8,-2.1,-10.6,小声。濁音のWeightと高い抑制(8)。,,4,5,6,1,REDUP(畳語・同一)
ぼたり,botaɾi,botaɾi,0,7,8,8,7,6,9,240.0,2.22,7,3500.0,6.04,9,mc,3,#556B2F,42.2,-18.8,30.6,重量液滴。強大なWeight(7)と水分量(9)。,,4,6,0,0,RI(り単発)
ぼちぼち,botɕibotɕi,botɕibotɕi,0,5,4,4,6,7,5,400.0,3.51,5,2000.0,5.09,6,mh,5,#FFFFFF,100.0,-0.0,0.0,徐々に。適度な抑制と流体運動。,,4,5,6,1,REDUP(畳語・同一)
ぼちゃん,botɕaŋ,botɕaŋ,0,8,8,9,8,5,9,140.0,0.85,8,18000.0,8.82,9,mc,3,#0000CD,25.0,67.2,-91.5,水没。最大のWeight、水分量、Bo数。,,3,6,0,0,N(撥音単発)
ぼってり,botteɾi,botteɾi,0,8,2,5,9,4,9,160.0,1.19,7,1200.0,4.22,9,mc,3,#8B4513,37.5,26.4,41.0,重厚な粘性。最大のWeight(8)と抑制(9)。,,5,5,5,8,COMPOUND(複合・異種)
ぼてぼて,botebote,botebote,0,8,3,2,7,5,9,140.0,0.85,3,1100.0,4.07,9,mc,3,#4B3621,24.5,6.4,16.8,鈍重。低いTime(3)と最大の水分量(9)。,,4,5,6,1,REDUP(畳語・同一)
ぼやぼや,bojaboja,bojaboja,0,5,2,1,4,8,5,300.0,2.78,2,1000.0,3.91,5,h,6,#BDB76B,73.4,-8.8,39.3,不注意。不定形なSpace(1)と流体性。,,4,5,6,1,REDUP(畳語・同一)
ぼりぼり,boɾiboɾi,boɾiboɾi,0,7,7,7,8,2,0,500.0,4.07,7,12000.0,8.13,7,c,2,#8B4513,37.5,26.4,41.0,硬い破壊。有声性のWeightと乾燥(0)。,,4,5,6,1,REDUP(畳語・同一)
ぼんやり,boɲːaɾi,boŋjaɾi,1,6,1,1,9,7,6,180.0,1.49,2,200.0,1.18,8,c,2,#708090,52.8,-2.1,-10.6,焦点の欠如。最大抑制(9)と最小Space(1)。,,5,5,5,8,COMPOUND(複合・異種)
ぽいぽい,poipoi,poipoi,0,3,8,4,1,9,3,900.0,5.56,7,9000.0,7.64,5,h,6,#FFFFFF,100.0,-0.0,0.0,放棄。高い時間性と自由なFlow。,,4,5,6,1,REDUP(畳語・同一)
ぽかぽか,pokapoka,pokapoka,0,3,2,2,0,9,4,450.0,3.81,2,500.0,2.73,3,hh,7,#FF4500,57.6,67.8,69.0,陽だまり。自由なFlow(0)と高温度(hh)。,,4,5,6,1,REDUP(畳語・同一)
ぽかり,pokaɾi,pokaɾi,0,3,8,8,5,9,3,550.0,4.32,7,8000.0,7.44,8,h,6,#FFFFFF,100.0,-0.0,0.0,打撃または出現。高い時間性と気圧(Bo 8)。,,4,6,0,0,RI(り単発)
ぽきっ,pokiʔ,pokiʔ,0,4,9,9,9,2,0,1500.0,6.86,9,16000.0,8.62,9,c,2,#FFFFFF,100.0,-0.0,0.0,折断。最大のHardness(2)、Time、抑制。,,2,5,0,0,Q(促音単発)
ぽきぽき,pokipoki,pokipoki,0,4,8,7,8,2,0,1400.0,6.68,8,14000.0,8.39,7,c,2,#CD853F,61.8,21.4,47.9,連続的な折断。高い時間性と乾燥。,,4,5,6,1,REDUP(畳語・同一)
ぽきり,pokiɾi,pokiɾi,0,4,8,8,7,3,0,1200.0,6.29,7,10000.0,7.82,8,c,2,#FFFFFF,100.0,-0.0,0.0,潔い破壊。弾き音による完了感。,,4,6,0,0,RI(り単発)
ぽたぽた,potapota,potapota,0,5,6,3,3,9,9,300.0,2.78,5,1500.0,4.6,9,mh,5,#4169E1,47.8,26.3,-65.3,滴下。最大のMoisture(9)と中庸のWeight。,,4,5,6,1,REDUP(畳語・同一)
ぽっかり,pokkaɾi,pokkaɾi,0,3,4,7,2,9,3,400.0,3.51,7,4000.0,6.27,8,h,6,#FFFFFF,100.0,-0.0,0.0,空洞。高い流体性と空間指向性(7)。,,5,5,5,8,COMPOUND(複合・異種)
ぽっくり,pokkuɾi,pokkuɾi,0,4,7,5,8,7,4,350.0,3.17,8,1800.0,4.91,7,mh,5,#DEB887,77.0,7.0,30.0,突然の完了。高い抑制と時間性。,,5,5,5,8,COMPOUND(複合・異種)
ぽっちゃり,potɕːaɾi,pottɕaɾi,1,4,2,4,6,8,9,300.0,2.78,5,1100.0,4.07,9,mh,5,#FFB6C1,81.1,28.0,5.0,豊潤。適度な抑制と最大の水分量(9)。,,5,5,5,8,COMPOUND(複合・異種)
ぽっぽ,poppo,poppo,0,4,6,6,4,8,5,400.0,3.51,7,6000.0,6.95,7,hh,7,#FF0000,53.2,80.1,67.2,熱気。高いBo数（内部気圧）と温度。,,2,5,0,0,Q(促音単発)
ぽつぽつ,potsupotsu,potsupotsu,0,3,7,6,8,8,6,700.0,4.93,7,5000.0,6.65,6,mc,3,#808080,53.6,-0.0,0.0,点在。高い抑制(8)と時間的突発性。,,4,5,6,1,REDUP(畳語・同一)
ぽろぽろ,poɾopoɾo,poɾopoɾo,0,2,5,3,2,9,8,450.0,3.81,4,3000.0,5.78,7,mc,3,#FFFFFF,100.0,-0.0,0.0,剥落または涙。高い流体性と水分量。,,4,5,6,1,REDUP(畳語・同一)
ぽんぽん,pomːpoŋ,pompoŋ,1,4,7,8,4,6,4,320.0,2.94,6,12000.0,8.13,8,h,6,#FFFFFF,100.0,-0.0,0.0,太鼓や言葉。高い時間性とBo数。,,4,5,6,1,REDUP(畳語・同一)
まごまご,maɡomaɡo,maɡomaɡo,0,4,6,2,5,7,4,320.0,2.94,4,1200.0,4.22,4,mc,3,#BDB76B,73.4,-8.8,39.3,鼻音/m/の迷いと有声破裂音/ɡ/の重さ。低いSpace直接性による停滞。,,4,5,6,1,REDUP(畳語・同一)
まじまじ,madʑimadʑi,madʑimadʑi,0,5,2,9,9,4,6,280.0,2.61,2,500.0,2.73,8,mc,3,#000000,0.0,0.0,0.0,凝視の物理。最大のSpace(9)と抑制(9)。鼻音による粘性。,,4,5,6,1,REDUP(畳語・同一)
まるまる,maɾumaɾu,maɾumaɾu,0,3,2,3,2,9,7,350.0,3.17,2,400.0,2.35,3,mh,5,#FFFFFF,100.0,-0.0,0.0,球体。最大の流体性(9)と弾き音による周期的な曲線運動。,,4,5,6,1,REDUP(畳語・同一)
まんじり,mandʑiɾi,mandʑiɾi,0,4,1,6,9,5,6,220.0,2.0,1,300.0,1.87,7,mc,3,#483D8B,30.8,26.1,-42.1,不眠や静止。最小のTime(1)と鼻音による高い抑制。,,5,5,5,8,COMPOUND(複合・異種)
みしみし,miɕimiɕi,miɕimiɕi,0,5,7,6,9,3,2,1400.0,6.68,7,11000.0,7.98,7,c,2,#556B2F,42.2,-18.8,30.6,構造物の歪み。高い抑制(9)と高周波摩擦。Hardness(3)。,,4,5,6,1,REDUP(畳語・同一)
みっちり,mitːɕiɾi,mittɕiɾi,1,6,4,8,9,3,5,800.0,5.26,8,4000.0,6.27,9,mc,3,#708090,52.8,-2.1,-10.6,密度。最大の抑制(9)と促音による高いBoyle数。,,5,5,5,8,COMPOUND(複合・異種)
むかむか,mukamuka,mukamuka,0,6,6,5,8,6,8,240.0,2.22,5,1500.0,4.6,9,h,6,#FF4500,57.6,67.8,69.0,吐き気や怒り。鼻音の重さと最大のFlow抑制。高Moisture。,,4,5,6,1,REDUP(畳語・同一)
むくむく,mukumuku,mukumuku,0,5,4,6,4,7,7,220.0,2.0,3,1200.0,4.22,8,mh,5,#F5F5F5,96.5,-0.0,0.0,隆起。適度なWeightと内部圧(Bo 8)による膨張。,,4,5,6,1,REDUP(畳語・同一)
むしむし,muɕimuɕi,muɕimuɕi,0,4,1,1,8,8,9,450.0,3.81,1,800.0,3.53,9,hh,7,#708090,52.8,-2.1,-10.6,湿熱。最大のMoisture(9)と温度(hh)、Flow抑制(8)。,,4,5,6,1,REDUP(畳語・同一)
むしゃむしゃ,muɕamuɕa,muɕamuɕa,0,5,7,4,3,6,8,500.0,4.07,5,9000.0,7.64,7,h,6,#8B4513,37.5,26.4,41.0,咀嚼。高い乱流(Re)と水分量、有声性のWeight。,,4,5,6,1,REDUP(畳語・同一)
むすっ,musuʔ,musuʔ,0,5,9,8,9,6,2,600.0,4.54,9,12000.0,8.13,9,c,2,#000000,0.0,0.0,0.0,不機嫌な停止。最大のTime(9)とFlow抑制、Boyle数。,,2,5,0,0,Q(促音単発)
むず,mudzu,muzu,1,5,8,9,7,4,4,250.0,2.32,8,6000.0,6.95,8,mc,3,#FFFFFF,100.0,-0.0,0.0,捕捉運動。高い空間直接性と時間的突発性。,,3,5,0,0,OTHER(単発)
むずむず,mudzumudzu,muzumuzu,1,4,5,2,9,5,4,280.0,2.61,4,4500.0,6.47,7,mh,5,#DAA520,70.8,8.5,68.8,内部振動。最大のFlow抑制(9)と低いSpace。,,4,5,6,1,REDUP(畳語・同一)
むちむち,mutɕimutɕi,mutɕimutɕi,0,5,3,4,8,5,9,320.0,2.94,4,1000.0,3.91,9,mh,5,#FFB6C1,81.1,28.0,5.0,肉感的な弾性。最大の水分量(9)と適度なHardness(5)。,,4,5,6,1,REDUP(畳語・同一)
むっ,muʔ,muʔ,0,6,9,8,9,4,5,220.0,2.0,9,15000.0,8.51,9,c,2,#FF0000,53.2,80.1,67.2,瞬間的怒り。鼻音の重さと最大の気圧(Bo 9)。,,2,5,0,0,Q(促音単発)
むっくり,mukːuɾi,mukkuɾi,1,5,8,7,6,7,3,350.0,3.17,8,8000.0,7.44,8,mh,5,#FFFFFF,100.0,-0.0,0.0,起床。高い時間性と内部圧、弾き音による完了。,,5,5,5,8,COMPOUND(複合・異種)
むっつり,mutːsuɾi,muttsuɾi,1,6,2,3,9,5,2,400.0,3.51,7,600.0,3.04,9,c,2,#000000,0.0,0.0,0.0,寡黙。最大の抑制(9)と鼻音のWeight。,,5,5,5,8,COMPOUND(複合・異種)
むにゃむにゃ,muɲamuɲa,muɲamuɲa,0,2,1,1,2,9,9,180.0,1.49,1,400.0,2.35,9,mh,5,#F5DEB3,89.4,1.5,24.0,曖昧な発声。最小エフォート群。最大Moisture(9)。,,4,5,6,1,REDUP(畳語・同一)
むらむら,muɾamuɾa,muɾamuɾa,0,5,6,5,3,8,6,320.0,2.94,4,5500.0,6.81,7,hh,7,#FF00FF,60.3,98.2,-60.8,衝動。高い流体性と乱流(Re)、高温度(hh)。,,4,5,6,1,REDUP(畳語・同一)
むんむん,mumːumː,mummuŋ,1,6,2,3,9,7,9,200.0,1.75,2,900.0,3.73,9,hh,7,#FF8C00,69.5,36.8,75.5,充満する熱気。最大の水分量とFlow抑制。,,4,5,6,1,REDUP(畳語・同一)
めきめき,mekimeki,mekimeki,0,4,8,9,4,3,2,1200.0,6.29,8,11000.0,7.98,8,h,6,#FFFFFF,100.0,-0.0,0.0,急成長。最大のSpace直接性と高い時間性。,,4,5,6,1,REDUP(畳語・同一)
めそめそ,mesomeso,mesomeso,0,3,4,1,6,8,9,400.0,3.51,3,700.0,3.31,9,c,2,#B0C4DE,78.5,-1.3,-15.2,啜り泣き。最小Space(1)と最大Moisture(9)。,,4,5,6,1,REDUP(畳語・同一)
めためた,metameta,metameta,0,6,8,5,4,6,6,350.0,3.17,7,13000.0,8.27,7,h,6,#8B0000,28.1,51.0,41.3,破壊状態。高い乱流(Re)と時間的突発性。,,4,5,6,1,REDUP(畳語・同一)
めっきり,mekːiɾi,mekkiɾi,1,5,8,9,7,5,3,600.0,4.54,8,10000.0,7.82,9,c,2,#FFFFFF,100.0,-0.0,0.0,際立った変化。最大の直接性と完了の遮断。,,5,5,5,8,COMPOUND(複合・異種)
めらめら,meɾameɾa,meɾameɾa,0,4,5,5,1,9,1,800.0,5.26,3,15000.0,8.51,6,hhh,8,#FF4500,57.6,67.8,69.0,燃焼。最大温度(hhh)と自由Flow、高Re数（炎の乱流）。,,4,5,6,1,REDUP(畳語・同一)
めりめり,meɾimeɾi,meɾimeɾi,0,7,7,8,9,2,1,600.0,4.54,6,12000.0,8.13,8,c,2,#8B4513,37.5,26.4,41.0,構造的破壊。高いWeightとHardness(2)、抑制。,,4,5,6,1,REDUP(畳語・同一)
めろめろ,meɾomeɾo,meɾomeɾo,0,3,2,1,1,9,8,250.0,2.32,1,900.0,3.73,8,hh,7,#FFC0CB,83.6,24.1,3.3,骨抜き。最小Time(2)と高い流体性、温度。,,4,5,6,1,REDUP(畳語・同一)
めーめー,me:me:,meːmeː,0,3,1,4,2,9,6,450.0,3.81,0,1500.0,4.6,5,mh,5,#FFFFFF,100.0,-0.0,0.0,羊。持続的な鼻音共鳴と高い流体性。,,4,5,6,1,REDUP(畳語・同一)
もくもく,mokumoku,mokumoku,0,5,3,4,4,8,4,220.0,2.0,3,3000.0,5.78,8,mh,5,#BEBEBE,77.0,-0.0,0.0,煙の発生。内部圧(Bo 8)と持続的な流体運動。,,4,5,6,1,REDUP(畳語・同一)
もぐもぐ,moɡumoɡo,moɡumoɡu,1,6,4,3,7,6,8,180.0,1.49,4,1200.0,4.22,9,mh,5,#8B4513,37.5,26.4,41.0,咀嚼。濁音のWeightと最大の水分量、Flow抑制。,,4,5,6,1,REDUP(畳語・同一)
もごもご,moɡomoɡo,moɡomoɡo,0,5,2,1,9,7,7,150.0,1.03,2,400.0,2.35,7,mc,3,#708090,52.8,-2.1,-10.6,閉口発声。最大のFlow抑制(9)と最小Space(1)。,,4,5,6,1,REDUP(畳語・同一)
もじもじ,modʑimodʑi,modʑimodʑi,0,4,3,2,9,6,5,250.0,2.32,3,800.0,3.53,6,mh,5,#FFFACD,97.6,-5.4,22.2,羞恥の停滞。最大の抑制(9)と低いSpace。,,4,5,6,1,REDUP(畳語・同一)
もぞもぞ,modzomodzo,mozomozo,1,5,4,2,8,6,4,220.0,2.0,4,1500.0,4.6,7,mc,3,#556B2F,42.2,-18.8,30.6,微動。有声性のWeightと高いFlow抑制。,,4,5,6,1,REDUP(畳語・同一)
もたもた,motamota,motamota,0,6,2,1,7,7,6,280.0,2.61,3,500.0,2.73,8,c,2,#808080,53.6,-0.0,0.0,遅延。重いWeightと最小の時間性、高い粘性。,,4,5,6,1,REDUP(畳語・同一)
もやもや,mojamoja,mojamoja,0,3,2,1,3,9,7,300.0,2.78,2,1500.0,4.6,4,mc,3,#D3D3D3,84.6,-0.0,0.0,不定形流体。高い流体性と最小の直接性。,,4,5,6,1,REDUP(畳語・同一)
もりもり,moɾimoɾi,moɾimoɾi,0,6,6,8,3,6,4,400.0,3.51,5,7000.0,7.22,8,h,6,#ADFF2F,92.0,-52.5,81.9,活力。高いWeightと空間指向性(8)。,,4,5,6,1,REDUP(畳語・同一)
もわーっ,mowa:ʔ,mowaːʔ,0,4,5,3,4,9,8,250.0,2.32,9,9000.0,7.64,9,mh,5,#F5F5F5,96.5,-0.0,0.0,気体の拡散と遮断。最大流体性(9)と圧縮。,,5,5,5,8,COMPOUND(複合・異種)
もーもー,mo:mo:,moːmoː,0,7,1,3,1,7,7,120.0,0.46,0,800.0,3.53,7,mh,5,#000000,0.0,0.0,0.0,牛。重いWeightと持続的な低周波(120Hz)。,,4,5,6,1,REDUP(畳語・同一)
やいのやいの,jainojaino,jainojaino,0,4,7,5,2,8,5,600.0,4.54,4,8000.0,7.44,6,h,6,#FFD700,86.9,-1.9,87.1,喧騒。半母音の流体性と高い時間密度。,,4,5,6,1,REDUP(畳語・同一)
やきもき,jakimoki,jakimoki,0,5,6,4,9,6,4,550.0,4.32,6,4000.0,6.27,7,h,6,#FF4500,57.6,67.8,69.0,焦燥。最大のFlow抑制(9)と内部圧力。,,5,5,5,8,COMPOUND(複合・異種)
やんわり,jamːwaɾi,jaŋwaɾi,1,2,2,3,0,9,6,300.0,2.78,2,600.0,3.04,4,mh,5,#FFFACD,97.6,-5.4,22.2,緩衝。最小Weightと最大の自由Flow(0)。,,5,5,5,8,COMPOUND(複合・異種)
ゆうゆう,ju:ju:,juujuu,1,3,1,2,0,9,5,320.0,2.94,0,400.0,2.35,2,h,6,#87CEEB,79.2,-14.8,-21.3,余裕。最小エフォート群。自由なFlow。,,4,5,6,1,REDUP(畳語・同一)
ゆさゆさ,jusajusa,jusajusa,0,6,4,3,2,8,4,280.0,2.61,3,6000.0,6.95,7,mc,3,#8B4513,37.5,26.4,41.0,重い振動。高い流体性と中庸のWeight。,,4,5,6,1,REDUP(畳語・同一)
ゆったり,jutːaɾi,juttaɾi,1,3,1,4,0,9,6,300.0,2.78,5,800.0,3.53,5,mh,5,#FFB6C1,81.1,28.0,5.0,寛ぎ。促音による安定と最大の自由Flow。,,5,5,5,8,COMPOUND(複合・異種)
ゆらゆら,juɾajuɾa,juɾajuɾa,0,2,3,2,1,9,4,350.0,3.17,2,4500.0,6.47,3,mc,3,#FFFFFF,100.0,-0.0,0.0,揺らぎ。最小Weightと高い流体運動。,,4,5,6,1,REDUP(畳語・同一)
ゆらり,juɾaɾi,juɾaɾi,0,2,5,6,3,9,5,400.0,3.51,6,3000.0,5.78,4,mc,3,#F0FFFF,98.9,-4.9,-1.7,単発の揺らぎ。弾き音による空間の収束。,,4,6,0,0,RI(り単発)
ゆるゆる,juɾujuɾu,juɾujuɾu,0,2,2,1,1,9,8,250.0,2.32,1,500.0,2.73,5,mh,5,#F5F5DC,95.9,-4.2,12.0,弛緩。最小エフォート。高い流体性と水分。,,4,5,6,1,REDUP(畳語・同一)
よたよた,jotajota,jotajota,0,5,4,2,4,8,5,320.0,2.94,4,1200.0,4.22,5,c,2,#A9A9A9,69.2,-0.0,0.0,不安定歩行。Weightの偏りと低い直接性。,,4,5,6,1,REDUP(畳語・同一)
よちよち,jotɕijotɕi,jotɕijotɕi,0,3,5,3,5,8,6,600.0,4.54,5,900.0,3.73,4,mh,5,#FFFACD,97.6,-5.4,22.2,幼児歩行。低いWeightと適度な抑制。,,4,5,6,1,REDUP(畳語・同一)
よぼよぼ,jobojobo,jobojobo,0,7,2,1,6,7,8,180.0,1.49,2,500.0,2.73,8,c,2,#8B4513,37.5,26.4,41.0,老衰。重いWeight(7)と最小Space(1)。,,4,5,6,1,REDUP(畳語・同一)
よれよれ,joɾejoɾe,joɾejoɾe,0,3,2,1,6,8,3,300.0,2.78,3,1100.0,4.07,4,c,2,#BEBEBE,77.0,-0.0,0.0,疲弊した表面。低い直接性と抑制。,,4,5,6,1,REDUP(畳語・同一)
よろよろ,joɾojoɾo,joɾojoɾo,0,5,4,2,3,9,4,280.0,2.61,4,2500.0,5.47,5,mc,3,#A9A9A9,69.2,-0.0,0.0,千鳥足。高い流体性と不特定のSpace。,,4,5,6,1,REDUP(畳語・同一)
りんりん,ɾiŋɾiŋ,ɾinɾiŋ,1,2,7,8,5,3,1,2800.0,8.44,6,12000.0,8.13,7,c,2,#C0C0C0,77.7,-0.0,0.0,鈴。高周波(2800Hz)と金属的Hardness。,,4,5,6,1,REDUP(畳語・同一)
るんるん,ɾuŋɾuŋ,ɾunɾuŋ,1,2,6,6,1,8,5,550.0,4.32,4,3500.0,6.04,4,h,6,#FF69B4,65.5,64.2,-10.6,軽快な高揚。鼻音の共鳴と自由なFlow。,,4,5,6,1,REDUP(畳語・同一)
れろれろ,ɾeɾoɾeɾo,ɾeɾoɾeɾo,0,4,5,3,2,9,9,380.0,3.38,3,1500.0,4.6,9,mh,5,#FFC0CB,83.6,24.1,3.3,舌の運動。最大流体性と水分量(9)。,,4,5,6,1,REDUP(畳語・同一)
わあわあ,wa:wa:,waawaa,1,5,3,4,1,9,6,500.0,4.07,0,14000.0,8.39,6,h,6,#FFD700,86.9,-1.9,87.1,泣き声や喧騒。広大な乱流(Re)と自由Flow。,,4,5,6,1,REDUP(畳語・同一)
わいわい,waiwai,waiwai,0,3,6,4,0,9,5,800.0,5.26,2,11000.0,7.98,7,h,6,#FFFF00,97.1,-21.6,94.5,多人数の活気。最小Flow抑制と高Re数。,,4,5,6,1,REDUP(畳語・同一)
わくわく,wakuwaku,wakuwaku,0,4,7,7,2,7,4,600.0,4.54,6,6500.0,7.09,8,h,6,#FF4500,57.6,67.8,69.0,期待。高い内部圧力(Bo 8)と時間的突発性。,,4,5,6,1,REDUP(畳語・同一)
わっさり,wasːaɾi,wassaɾi,1,5,6,6,4,8,4,350.0,3.17,7,8000.0,7.44,7,mh,5,#228B22,50.6,-49.6,45.0,大量の植物等。流体的な運動と適度なWeight。,,5,5,5,8,COMPOUND(複合・異種)
わなわな,wanawana,wanawana,0,4,8,2,9,7,6,450.0,3.81,7,13000.0,8.27,7,c,2,#FFFFFF,100.0,-0.0,0.0,震え。最大のFlow抑制(9)と高い時間性。,,4,5,6,1,REDUP(畳語・同一)
わやわや,wajawaja,wajawaja,0,3,5,3,2,8,6,380.0,3.38,3,9000.0,7.64,6,h,6,#DAA520,70.8,8.5,68.8,収拾のつかない喧騒。流体性と乱流。,,4,5,6,1,REDUP(畳語・同一)
わらわら,waɾawaɾa,waɾawaɾa,0,4,6,3,2,9,5,320.0,2.94,4,10000.0,7.82,8,mh,5,#F5F5F5,96.5,-0.0,0.0,群集の移動。高いRe数（乱流）と流体性。,,4,5,6,1,REDUP(畳語・同一)
わんさ,waŋsa,waŋsa,0,5,7,8,3,7,4,450.0,3.81,6,12000.0,8.13,7,h,6,#FFD700,86.9,-1.9,87.1,大量。高い空間直接性と時間密度。,,3,5,0,0,OTHER(単発)
わんわん,waŋwaŋ,waŋwaŋ,0,6,4,6,2,7,7,220.0,2.0,1,15000.0,8.51,8,h,6,#8B4513,37.5,26.4,41.0,吠え声や号泣。濁音に近いWeightと強大な乱流。,,4,5,6,1,REDUP(畳語・同一)
わーん,wa:ŋ,waːŋ,0,7,4,7,3,6,8,300.0,2.78,1,11000.0,7.98,9,h,6,#1E90FF,59.4,10.0,-63.4,大泣き。最大の水分量と持続的な共鳴。,,3,8,5,1,LONG+N(長音+ん)
あぜーん,,azeːŋ,0,7,2,6,6,2,5,229,2.1,1,1333,4.4,6,0,4,#764626,34.6,17.5,27.7,生成語(疎領域充填・第1バッチ)。語根あぜ+HN(ーん)。Decay低(1) / Hard低(2) / Time低(2)。最近傍既存語:つくづく,generated_v1_b1; 色はモデル導出の暫定値,5,5,5,8,COMPOUND(複合・異種)
いいーん,,iiːŋ,0,5,4,9,6,2,4,750,5.1,2,2866,5.7,6,0,4,#B58552,59.2,12.7,34.3,生成語(疎領域充填・第1バッチ)。語根いい+HN(ーん)。Hard低(2) / Decay低(1) / Space高(9)。最近傍既存語:からんからん,generated_v1_b1; 色はモデル導出の暫定値,5,5,5,8,COMPOUND(複合・異種)
いさー,,isaː,0,2,3,6,4,6,1,1588,7.0,1,6535,7.1,2,0,4,#EED793,86.6,-1.8,36.5,生成語(疎領域充填・第1バッチ)。語根いさ+H(ー)。Boyle低(3) / Decay低(1) / Freq高(7)。最近傍既存語:きいきい,generated_v1_b1; 色はモデル導出の暫定値,2,7,7,1,LONG(長音ー)
えぞー,,ezoː,0,5,1,5,7,4,4,383,3.4,0,1898,5.0,5,0,4,#97744C,51.5,8.4,27.6,生成語(疎領域充填・第1バッチ)。語根えぞ+H(ー)。Decay低(0) / Time低(1) / Hard低(4)。最近傍既存語:まんじり,generated_v1_b1; 色はモデル導出の暫定値,2,7,7,1,LONG(長音ー)
ききーん,,kikiːŋ,0,4,6,9,7,1,1,1719,7.2,4,9304,7.7,6,0,4,#D6A258,70.2,10.9,45.5,生成語(疎領域充填・第1バッチ)。語根きき+HN(ーん)。Hard低(1) / Freq高(7) / Moist低(1)。最近傍既存語:つんつん,generated_v1_b1; 色はモデル導出の暫定値,5,5,5,8,COMPOUND(複合・異種)
さきー,,sakiː,0,1,5,8,3,6,0,2358,8.0,2,14900,8.5,3,h,6,#FFFFAC,101.7,3.0,45.0,生成語(疎領域充填・第1バッチ)。語根さき+H(ー)。Freq高(8) / Moist低(0) / Boyle低(3)。最近傍既存語:ぴーちく,generated_v1_b1; 色はモデル導出の暫定値,2,7,7,1,LONG(長音ー)
さそー,,sasoː,0,1,3,6,2,9,0,1527,6.9,1,8270,7.5,2,0,4,#FFFFC0,99.8,-6.8,31.8,生成語(疎領域充填・第1バッチ)。語根さそ+H(ー)。Boyle低(2) / Moist低(0) / Decay低(1)。最近傍既存語:きらきら,generated_v1_b1; 色はモデル導出の暫定値,2,7,7,1,LONG(長音ー)
ざがー,,dzaɡaː,0,6,3,8,4,5,3,525,4.2,0,17779,8.8,6,0,4,#A1673E,49.1,19.3,32.5,生成語(疎領域充填・第1バッチ)。語根ざが+H(ー)。Decay低(0) / Re高(9) / Time低(3)。最近傍既存語:ぎゃーぎゃー,generated_v1_b1; 色はモデル導出の暫定値,2,7,7,1,LONG(長音ー)
ざきー,,dzakiː,0,5,4,9,6,4,1,1113,6.1,2,20000,9.0,6,mh,5,#BD844B,59.7,15.9,39.2,生成語(疎領域充填・第1バッチ)。語根ざき+H(ー)。Re高(9) / Moist低(1) / Space高(9)。最近傍既存語:けいけい,generated_v1_b1; 色はモデル導出の暫定値,2,7,7,1,LONG(長音ー)
しそー,,ɕisoː,0,2,1,5,6,8,1,1411,6.7,0,2702,5.6,3,mc,3,#D7DDAC,86.7,-10.1,23.4,生成語(疎領域充填・第1バッチ)。語根しそ+H(ー)。Decay低(0) / Time低(1) / Boyle低(3)。最近傍既存語:しわしわ,generated_v1_b1; 色はモデル導出の暫定値,2,7,7,1,LONG(長音ー)
じえーん,,dʑieːŋ,0,8,2,8,7,3,6,291,2.7,1,2402,5.4,8,mh,5,#7C381E,32.3,28.0,29.6,生成語(疎領域充填・第1バッチ)。語根じえ+HN(ーん)。Decay低(1) / Weight高(8) / Hard低(3)。最近傍既存語:つくづく,generated_v1_b1; 色はモデル導出の暫定値,5,5,5,8,COMPOUND(複合・異種)
じへー,,dʑiheː,0,5,2,7,6,6,4,666,4.8,0,4869,6.6,6,h,6,#C68556,61.3,19.9,35.5,生成語(疎領域充填・第1バッチ)。語根じへ+H(ー)。Decay低(0) / Time低(2) / Temp高(6)。最近傍既存語:ひひーん,generated_v1_b1; 色はモデル導出の暫定値,2,7,7,1,LONG(長音ー)
ぜじゅー,,dzedʑuː,0,6,1,7,6,6,6,525,4.2,0,10466,7.9,8,0,4,#996F65,50.7,15.7,11.9,生成語(疎領域充填・第1バッチ)。語根ぜじゅ+H(ー)。Decay低(0) / Time低(1) / Re高(8)。最近傍既存語:わーん,generated_v1_b1; 色はモデル導出の暫定値,2,7,7,1,LONG(長音ー)
だむーん,,damuːŋ,0,9,2,6,5,4,9,117,0.4,1,1898,5.0,9,mh,5,#590A13,17.3,34.6,17.7,生成語(疎領域充填・第1バッチ)。語根だむ+HN(ーん)。Weight高(9) / Decay低(1) / Freq低(0)。最近傍既存語:ねばねば,generated_v1_b1; 色はモデル導出の暫定値,5,5,5,8,COMPOUND(複合・異種)
ちでーん,,tɕideːŋ,0,6,2,6,8,2,5,721,5.0,2,1790,4.9,7,0,4,#A67046,52.0,16.8,31.8,生成語(疎領域充填・第1バッチ)。語根ちで+HN(ーん)。Hard低(2) / Decay低(1) / Time低(2)。最近傍既存語:ぎー,generated_v1_b1; 色はモデル導出の暫定値,5,5,5,8,COMPOUND(複合・異種)
ちにー,,tɕiniː,0,1,2,6,8,6,3,2654,8.3,1,4590,6.5,4,mh,5,#FFF1AF,95.8,-0.2,35.1,生成語(疎領域充填・第1バッチ)。語根ちに+H(ー)。Freq高(8) / Decay低(1) / Weight低(1)。最近傍既存語:ぴーぴー,generated_v1_b1; 色はモデル導出の暫定値,2,7,7,1,LONG(長音ー)
ちみゅーん,,tɕimjuːŋ,0,4,3,6,6,4,7,989,5.8,1,2866,5.7,7,mh,5,#CE9E7F,68.8,14.0,23.2,生成語(疎領域充填・第1バッチ)。語根ちみゅ+HN(ーん)。Decay低(1) / Time低(3) / Freq高(6)。最近傍既存語:ひーひー,generated_v1_b1; 色はモデル導出の暫定値,5,5,5,8,COMPOUND(複合・異種)
ちもー,,tɕimoː,0,3,1,5,7,6,4,1253,6.4,0,2702,5.6,5,mh,5,#E6C48F,80.8,5.0,31.1,生成語(疎領域充填・第1バッチ)。語根ちも+H(ー)。Decay低(0) / Time低(1) / Freq高(6)。最近傍既存語:ちゅーちゅー,generated_v1_b1; 色はモデル導出の暫定値,2,7,7,1,LONG(長音ー)
にじゅー,,nidʑuː,0,4,0,5,7,5,6,666,4.8,0,2265,5.3,7,0,4,#B59278,63.1,9.3,18.8,生成語(疎領域充填・第1バッチ)。語根にじゅ+H(ー)。Time低(0) / Decay低(0) / Flow高(7)。最近傍既存語:ちんまり,generated_v1_b1; 色はモデル導出の暫定値,2,7,7,1,LONG(長音ー)
ぶすー,,busuː,0,5,2,5,5,7,4,505,4.1,0,6931,7.2,5,0,4,#9F7C63,54.6,10.2,18.5,生成語(疎領域充填・第1バッチ)。語根ぶす+H(ー)。Decay低(0) / Time低(2) / Boyle低(5)。最近傍既存語:がーがー,generated_v1_b1; 色はモデル導出の暫定値,2,7,7,1,LONG(長音ー)
りきゃー,,ɾikjaː,0,2,6,9,2,6,2,3500,9.0,3,20000,9.0,6,h,6,#FFFFBB,104.8,4.9,41.6,生成語(疎領域充填・第1バッチ)。語根りきゃ+H(ー)。Freq高(9) / Re高(9) / Weight低(2)。最近傍既存語:ほうほけきょ,generated_v1_b1; 色はモデル導出の暫定値,2,7,7,1,LONG(長音ー)
わきゃーん,,wakjaːŋ,0,6,6,8,1,6,5,615,4.6,2,20000,9.0,8,hh,7,#E3885A,65.4,30.5,39.1,生成語(疎領域充填・第1バッチ)。語根わきゃ+HN(ーん)。Temp高(7) / Re高(9) / Flow低(1)。最近傍既存語:じゃんじゃん,generated_v1_b1; 色はモデル導出の暫定値,5,5,5,8,COMPOUND(複合・異種)
いだーん,,idaːŋ,0,7,3,7,6,2,5,327,3.0,1,1591,4.7,6,0,4,#8A5027,40.1,20.8,33.7,生成語(疎領域充填・第2バッチ)。語根いだ+HN(ーん)。Hard低(2) / Decay低(1) / Time低(3)。最近傍既存語:がーがー,generated_v1_b2; 色はモデル導出の暫定値,5,5,5,8,COMPOUND(複合・異種)
いちーん,,itɕiːŋ,0,5,4,8,7,1,4,914,5.6,2,2866,5.7,7,0,4,#B38053,57.8,14.1,32.3,生成語(疎領域充填・第2バッチ)。語根いち+HN(ーん)。Hard低(1) / Space高(9) / Decay低(2)。最近傍既存語:ぎいぎい,generated_v1_b2; 色はモデル導出の暫定値,5,5,5,8,COMPOUND(複合・異種)
いにー,,iniː,0,2,2,6,6,5,3,1158,6.2,0,3040,5.8,4,0,4,#E2C68E,81.0,2.0,31.7,生成語(疎領域充填・第2バッチ)。語根いに+H(ー)。Decay低(1) / Time低(2) / Freq高(6)。最近傍既存語:じーじー,generated_v1_b2; 色はモデル導出の暫定値,2,7,7,1,LONG(長音ー)
おぜー,,ozeː,0,5,1,5,7,4,4,383,3.4,0,1898,5.0,5,0,4,#97744C,51.5,8.4,27.6,生成語(疎領域充填・第2バッチ)。語根おぜ+H(ー)。Decay低(0) / Time低(1) / Hard低(4)。最近傍既存語:まんじり,generated_v1_b2; 色はモデル導出の暫定値,2,7,7,1,LONG(長音ー)
ぎきー,,ɡikiː,0,5,5,9,8,3,0,1788,7.3,3,16762,8.7,6,0,4,#C38D47,62.5,13.6,44.4,生成語(疎領域充填・第2バッチ)。語根ぎき+H(ー)。Freq高(7) / Moist低(0) / Space高(9)。最近傍既存語:ぎざぎざ,generated_v1_b2; 色はモデル導出の暫定値,2,7,7,1,LONG(長音ー)
ぎぎゃーん,,ɡiɡjaːŋ,0,8,6,9,5,2,4,640,4.7,2,10466,7.9,8,0,4,#8F502F,40.8,23.4,30.6,生成語(疎領域充填・第2バッチ)。語根ぎぎゃ+HN(ーん)。Hard低(2) / Weight高(8) / Space高(9)。最近傍既存語:ぎゅうぎゅう,generated_v1_b2; 色はモデル導出の暫定値,5,5,5,8,COMPOUND(複合・異種)
じでーん,,dʑideːŋ,0,8,2,8,7,3,6,279,2.6,1,2548,5.5,8,mh,5,#77321E,30.2,28.9,27.2,生成語(疎領域充填・第2バッチ)。語根じで+HN(ーん)。Decay低(1) / Weight高(8) / Hard低(3)。最近傍既存語:がーん,generated_v1_b2; 色はモデル導出の暫定値,5,5,5,8,COMPOUND(複合・異種)
じみゅー,,dʑimjuː,0,6,1,6,7,5,6,592,4.5,0,5809,6.9,8,mh,5,#AB6F58,52.8,21.0,22.6,生成語(疎領域充填・第2バッチ)。語根じみゅ+H(ー)。Decay低(0) / Time低(1) / Moist高(6)。最近傍既存語:ごてごて,generated_v1_b2; 色はモデル導出の暫定値,2,7,7,1,LONG(長音ー)
ぞぎゅー,,dzoɡjuː,0,6,3,8,5,6,5,547,4.3,0,18857,8.9,8,0,4,#9A6B58,49.5,16.5,18.0,生成語(疎領域充填・第2バッチ)。語根ぞぎゅ+H(ー)。Decay低(0) / Re高(9) / Time低(3)。最近傍既存語:わーん,generated_v1_b2; 色はモデル導出の暫定値,2,7,7,1,LONG(長音ー)
ちちゅー,,tɕitɕuː,0,2,3,7,7,5,4,3500,9.0,2,9868,7.8,6,mh,5,#FFEBB1,95.4,7.2,33.7,生成語(疎領域充填・第2バッチ)。語根ちちゅ+H(ー)。Freq高(9) / Decay低(2) / Weight低(2)。最近傍既存語:ひーひー,generated_v1_b2; 色はモデル導出の暫定値,2,7,7,1,LONG(長音ー)
でまーん,,demaːŋ,0,9,2,6,5,4,8,132,0.7,1,2135,5.2,9,mh,5,#5A0B10,17.7,34.7,20.2,生成語(疎領域充填・第2バッチ)。語根でま+HN(ーん)。Weight高(9) / Decay低(1) / Freq低(1)。最近傍既存語:ずずん,generated_v1_b2; 色はモデル導出の暫定値,5,5,5,8,COMPOUND(複合・異種)
りじゅーん,,ɾidʑuːŋ,0,5,4,8,6,3,7,721,5.0,2,3040,5.8,8,0,4,#AC8878,59.8,11.4,13.8,生成語(疎領域充填・第2バッチ)。語根りじゅ+HN(ーん)。Decay低(2) / Hard低(3) / Space高(8)。最近傍既存語:まじまじ,generated_v1_b2; 色はモデル導出の暫定値,5,5,5,8,COMPOUND(複合・異種)
りりゃーん,,ɾiɾjaːŋ,0,3,6,9,2,5,4,1719,7.2,2,12488,8.2,7,mh,5,#F8D1A5,86.1,7.7,27.0,生成語(疎領域充填・第2バッチ)。語根りりゃ+HN(ーん)。Freq高(7) / Space高(9) / Flow低(2)。最近傍既存語:こけこっこー,generated_v1_b2; 色はモデル導出の暫定値,5,5,5,8,COMPOUND(複合・異種)
いきーん,,ikiːŋ,0,5,5,9,6,2,2,914,5.6,3,4328,6.4,6,mh,5,#C79051,63.8,14.0,41.1,生成語(疎領域充填・第3バッチ)。語根いき+HN(ーん)。Hard低(2) / Space高(9) / Freq高(6)。最近傍既存語:かーんかーん,generated_v1_b3; 色はモデル導出の暫定値,5,5,5,8,COMPOUND(複合・異種)
いゆーん,,ijuːŋ,0,4,2,5,4,5,6,368,3.3,0,740,3.4,5,0,4,#B58E70,62.0,10.4,21.6,生成語(疎領域充填・第3バッチ)。語根いゆ+HN(ーん)。Decay低(0) / Time低(2) / Re低(3)。最近傍既存語:おめおめ,generated_v1_b3; 色はモデル導出の暫定値,5,5,5,8,COMPOUND(複合・異種)
えざーん,,ezaːŋ,0,7,2,6,6,2,5,229,2.1,1,1333,4.4,6,0,4,#764626,34.6,17.5,27.7,生成語(疎領域充填・第3バッチ)。語根えざ+HN(ーん)。Decay低(1) / Hard低(2) / Time低(2)。最近傍既存語:つくづく,generated_v1_b3; 色はモデル導出の暫定値,5,5,5,8,COMPOUND(複合・異種)
えじー,,edʑiː,0,4,0,6,8,4,4,547,4.3,0,1414,4.5,5,0,4,#A7855C,57.9,7.7,26.9,生成語(疎領域充填・第3バッチ)。語根えじ+H(ー)。Time低(0) / Decay低(0) / Boyle低(5)。最近傍既存語:まんじり,generated_v1_b3; 色はモデル導出の暫定値,2,7,7,1,LONG(長音ー)
えちーん,,etɕiːŋ,0,6,3,7,6,2,6,525,4.2,2,1687,4.8,7,0,4,#A8724D,52.9,17.0,28.9,生成語(疎領域充填・第3バッチ)。語根えち+HN(ーん)。Hard低(2) / Decay低(2) / Time低(3)。最近傍既存語:まじまじ,generated_v1_b3; 色はモデル導出の暫定値,5,5,5,8,COMPOUND(複合・異種)
きりゃー,,kiɾjaː,0,2,5,8,4,6,1,3234,8.8,2,20000,9.0,5,mh,5,#FFF7AB,98.0,-0.2,40.2,生成語(疎領域充填・第3バッチ)。語根きりゃ+H(ー)。Freq高(9) / Moist低(1) / Re高(9)。最近傍既存語:けいけい,generated_v1_b3; 色はモデル導出の暫定値,2,7,7,1,LONG(長音ー)
ぎぎゃー,,ɡiɡjaː,0,6,5,8,5,4,2,1356,6.6,2,20000,9.0,7,0,4,#C08955,61.4,15.4,35.9,生成語(疎領域充填・第3バッチ)。語根ぎぎゃ+H(ー)。Freq高(7) / Re高(9) / Decay低(2)。最近傍既存語:けいけい,generated_v1_b3; 色はモデル導出の暫定値,2,7,7,1,LONG(長音ー)
くにー,,kuniː,0,2,2,6,6,6,3,1070,6.0,1,3627,6.1,5,0,4,#E3C894,81.8,2.1,29.8,生成語(疎領域充填・第3バッチ)。語根くに+H(ー)。Decay低(1) / Time低(2) / Freq高(6)。最近傍既存語:つーかー,generated_v1_b3; 色はモデル導出の暫定値,2,7,7,1,LONG(長音ー)
ざだー,,dzadaː,0,6,3,8,4,5,3,525,4.2,0,15804,8.6,6,mh,5,#A5663E,49.4,21.5,33.0,生成語(疎領域充填・第3バッチ)。語根ざだ+H(ー)。Decay低(0) / Re高(9) / Time低(3)。最近傍既存語:がーがー,generated_v1_b3; 色はモデル導出の暫定値,2,7,7,1,LONG(長音ー)
じあーん,,dʑiaːŋ,0,7,3,8,6,3,5,302,2.8,1,3040,5.8,8,mh,5,#873F1E,35.6,28.6,33.5,生成語(疎領域充填・第3バッチ)。語根じあ+HN(ーん)。Decay低(1) / Hard低(3) / Weight高(7)。最近傍既存語:がーがー,generated_v1_b3; 色はモデル導出の暫定値,5,5,5,8,COMPOUND(複合・異種)
ずじゅー,,dzudʑuː,0,6,1,7,5,6,6,467,3.9,0,9868,7.8,7,0,4,#956D6A,50.0,15.3,7.8,生成語(疎領域充填・第3バッチ)。語根ずじゅ+H(ー)。Decay低(0) / Time低(1) / Re高(8)。最近傍既存語:わーん,generated_v1_b3; 色はモデル導出の暫定値,2,7,7,1,LONG(長音ー)
ずじゅーん,,dzudʑuːŋ,0,8,2,8,5,4,8,220,2.0,0,4590,6.5,9,0,4,#683842,29.9,22.3,3.7,生成語(疎領域充填・第3バッチ)。語根ずじゅ+HN(ーん)。Decay低(0) / Time低(2) / Weight高(8)。最近傍既存語:がーん,generated_v1_b3; 色はモデル導出の暫定値,5,5,5,8,COMPOUND(複合・異種)
ぜちゅー,,dzetɕuː,0,6,3,8,6,5,6,811,5.3,1,17779,8.8,8,0,4,#A46D5B,51.5,19.7,19.1,生成語(疎領域充填・第3バッチ)。語根ぜちゅ+H(ー)。Decay低(1) / Re高(9) / Time低(3)。最近傍既存語:じーじー,generated_v1_b3; 色はモデル導出の暫定値,2,7,7,1,LONG(長音ー)
だめーん,,dameːŋ,0,9,2,6,5,4,8,132,0.7,1,2135,5.2,9,mh,5,#5A0B10,17.7,34.7,20.2,生成語(疎領域充填・第3バッチ)。語根だめ+HN(ーん)。Weight高(9) / Decay低(1) / Freq低(1)。最近傍既存語:ずずん,generated_v1_b3; 色はモデル導出の暫定値,5,5,5,8,COMPOUND(複合・異種)
でみー,,demiː,0,7,2,6,8,4,6,449,3.8,0,5809,6.9,8,0,4,#864730,37.4,24.6,25.4,生成語(疎領域充填・第3バッチ)。語根でみ+H(ー)。Decay低(0) / Time低(2) / Weight高(7)。最近傍既存語:ごてごて,generated_v1_b3; 色はモデル導出の暫定値,2,7,7,1,LONG(長音ー)
ぴじゅー,,pidʑuː,0,3,2,7,8,6,5,1205,6.3,1,7352,7.3,7,0,4,#D6AF8E,74.1,9.8,22.1,生成語(疎領域充填・第3バッチ)。語根ぴじゅ+H(ー)。Decay低(1) / Time低(2) / Freq高(6)。最近傍既存語:じーじー,generated_v1_b3; 色はモデル導出の暫定値,2,7,7,1,LONG(長音ー)
みめー,,mimeː,0,4,1,5,7,6,5,666,4.8,0,2866,5.7,7,mh,5,#C39069,63.7,14.5,28.1,生成語(疎領域充填・第3バッチ)。語根みめ+H(ー)。Decay低(0) / Time低(1) / Freq高(5)。最近傍既存語:じわじわ,generated_v1_b3; 色はモデル導出の暫定値,2,7,7,1,LONG(長音ー)
よぞー,,jozoː,0,5,0,3,6,6,4,368,3.3,0,1790,4.9,5,0,4,#9A7E5F,54.8,6.4,21.0,生成語(疎領域充填・第3バッチ)。語根よぞ+H(ー)。Time低(0) / Decay低(0) / Space低(3)。最近傍既存語:ほーほー,generated_v1_b3; 色はモデル導出の暫定値,2,7,7,1,LONG(長音ー)
りみゅーん,,ɾimjuːŋ,0,4,4,8,4,4,7,878,5.5,1,4328,6.4,8,0,4,#CA9F8B,68.8,13.0,16.3,生成語(疎領域充填・第3バッチ)。語根りみゅ+HN(ーん)。Decay低(1) / Moist高(7) / Space高(8)。最近傍既存語:かーんかーん,generated_v1_b3; 色はモデル導出の暫定値,5,5,5,8,COMPOUND(複合・異種)
りみー,,ɾimiː,0,2,4,8,6,5,3,2358,8.0,1,7798,7.4,6,0,4,#F3D7A3,87.2,2.1,29.3,生成語(疎領域充填・第3バッチ)。語根りみ+H(ー)。Freq高(8) / Decay低(1) / Weight低(2)。最近傍既存語:けいけい,generated_v1_b3; 色はモデル導出の暫定値,2,7,7,1,LONG(長音ー)
りゆーん,,ɾijuːŋ,0,3,3,6,3,6,6,780,5.2,0,1687,4.8,6,0,4,#D8BB9E,77.5,6.0,18.5,生成語(疎領域充填・第3バッチ)。語根りゆ+HN(ーん)。Decay低(0) / Time低(3) / Moist高(7)。最近傍既存語:めーめー,generated_v1_b3; 色はモデル導出の暫定値,5,5,5,8,COMPOUND(複合・異種)
